date,title,type,telegram_link,primary_message_id,related_message_ids,filename
2026-09-25,Telegram Image,Image,https://t.me/hscfreepdf/1934,1934,1934,
2026-09-25,"Admission 2026-এর প্রস্তুতি নিচ্ছো? আলাদা আলাদা PDF, Question Bank আর Website ঘাঁটাঘাঁটি বন্ধ করে সব এক জায়গায় নিয়ে আসো — Prostuti App। Premium Subscription-এ পাচ্ছো: HSC + Engineering + Medical + Varsity Question Bank হাজার হাজার MCQ ও ",Image,https://t.me/hscfreepdf/1933,1933,1933,
2026-09-24,কুমিল্লা বিশ্ববিদ্যালয়ের ২০২৬-২৭ শিক্ষাবর্ষের স্নাতক (সম্মান) প্রথম বর্ষের ভর্তি পরীক্ষার তারিখ ঘোষণা করা হয়েছে। ২৪ সেপ্টেম্বর কেন্দ্রীয় ভর্তি কমিটির সভায় এ সিদ্ধান্ত হয়। অনলাইনে আবেদন: ১৫ নভেম্বর থেকে ১০ ডিসেম্বর পর্যন্ত। পরীক্ষার সময,Image,https://t.me/hscfreepdf/1932,1932,1932,
2026-09-24,উদ্ভাস ইঞ্জিনিয়ারিং উইকলি সল্যুশন বুক ০৪ পিডিএফ | Udvash Engineering Weekly Solution Book 04 PDF লেখক: উদ্ভাস সংস্করণ: ২০২৬–২৭ [সর্বশেষ] Pdf Credit: PDF & Course Bazar BD উদ্ভাস ইঞ্জিনিয়ারিং উইকলি সল্যুশন বুক ০৩ উদ্ভাস ইঞ্জিনিয়ারিং উইকলি ,PDF,https://t.me/hscfreepdf/1931,1931,1931,ইঞ্জিনিয়ারিং_উইকলি_সল্যুশন_বুক_৪_২০২৬_২০২৭.pdf
2026-09-24,উদ্ভাস ইঞ্জিনিয়ারিং উইকলি সল্যুশন বুক ০৩ পিডিএফ | Udvash Engineering Weekly Solution Book 03 PDF লেখক: উদ্ভাস সংস্করণ: ২০২৬–২৭ [সর্বশেষ] Pdf Credit: PDF & Course Bazar BD উদ্ভাস ইঞ্জিনিয়ারিং উইকলি সল্যুশন বুক ০২ উদ্ভাস ইঞ্জিনিয়ারিং সল্যু,PDF,https://t.me/hscfreepdf/1930,1930,1930,ইঞ্জিনিয়ারিং_উইকলি_সল্যুশন_বুক_৩_২০২৬_২০২৭.pdf
2026-09-23,ভার্সিটি_খ_সাম্প্রতিক_জিকে_জানুয়ারি_মে_২০২৬ Udvash Pdf Credit PDF & Course Bazar BD এইচএসসি ও অ্যাডমিশন প্রস্তুতির জন্য ভিজিট করো: web.prostuti.bd (@prostutibd),PDF,https://t.me/hscfreepdf/1929,1929,1929,ভার্সিটি_খ_সাম্প্রতিক_জিকে_জানুয়ারি_মে_২০২৬.pdf
2026-09-21,উইকলি সল্যুশন বুক-০৩ | ভার্সিটি 'ক' & গুচ্ছ এডমিশন প্রোগ্রাম ২০২৬ ©️ Udvash Pdf Credit PDF & Course Bazar BD এইচএসসি ও অ্যাডমিশন প্রস্তুতির জন্য ভিজিট করো: web.prostuti.bd (@prostutibd) Extra উইকলি সল্যুশন বুক-০১ | ভার্সিটি 'ক' & গুচ্ছ এডমি,PDF,https://t.me/hscfreepdf/1928,1928,1928,ভার্সিটি_ক_উইকলি_সল্যুশন_বুক_০৩_২০২৬_২০২৭.pdf
2026-09-21,উইকলি সল্যুশন বুক-০২ | ভার্সিটি 'ক' & গুচ্ছ এডমিশন প্রোগ্রাম ২০২৬ ©️ Udvash Pdf Credit PDF & Course Bazar BD এইচএসসি ও অ্যাডমিশন প্রস্তুতির জন্য ভিজিট করো: web.prostuti.bd (@prostutibd) Extra উইকলি সল্যুশন বুক-০১ | ভার্সিটি 'ক' & গুচ্ছ এডমি,PDF,https://t.me/hscfreepdf/1927,1927,1927,ভার্সিটি_ক_উইকলি_সল্যুশন_বুক_০২_২০২৬_২০২৭.pdf
2026-09-19,"Admission 2026-এর প্রস্তুতি নিচ্ছো? প্রতিদিন আলাদা আলাদা PDF, Question Bank আর Website ঘুরে সময় নষ্ট না করে—সব এক জায়গায় রাখো Prostuti App-এ। একটা Premium Subscription-এই পাবে: • HSC + Engineering + Medical + Varsity Question Bank • হাজার হ",Text,https://t.me/hscfreepdf/1926,1926,1926,
2026-09-19,"চট্টগ্রাম প্রকৌশল ও প্রযুক্তি বিশ্ববিদ্যালয় (চুয়েট) এর ২০২৬-২০২৭ শিক্ষাবর্ষের স্নাতক ভর্তি পরীক্ষার সম্ভাব্য তারিখ ২৩ জানুয়ারি, ২০২৭ খ্রি. শনিবার।",Image,https://t.me/hscfreepdf/1925,1925,1925,
2026-09-18,"জিএসটি গুচ্ছ ভর্তি পরীক্ষা ২০২৬-২৭: পরীক্ষার তারিখ বি ইউনিট: ১৯ মার্চ, ২০২৭ সি ও ডি ইউনিট: ২০ মার্চ, ২০২৭ এ ইউনিট: ২৭ মার্চ, ২০২৭ আবেদন সংক্রান্ত তথ্য পরে বিজ্ঞপ্তির মাধ্যমে জানানো হবে অংশগ্রহণকারী বিশ্ববিদ্যালয় বর্তমানে ২০টি বিশ্ববিদ্যালয",Image,https://t.me/hscfreepdf/1924,1924,1924,
2026-09-17,"সব PDF এক জায়গায়, খুঁজে নাও সহজে। @hscfreepdf -এর পোস্টগুলো থেকে সংগ্রহ করা HSC, Admission, Varsity, Medical, Engineering, BCS ও Current Affairs-এর সব resource এখন এক প্ল্যাটফর্মে। নাম লিখে search করো → দরকারি PDF বের করো → সরাসরি Telegra",Media,https://t.me/hscfreepdf/1922,1922,1922,
2026-09-16,"জোবায়ের'স সিরিজের সাম্প্রতিক ক্যাপসুল বাংলাদেশ ও আন্তর্জাতিক সাম্প্রতিক বিষয়াবলি | সেপ্টেম্বর ২০২৬ বিশ্ববিদ্যালয় ভর্তি, BCS, ব্যাংকসহ বিভিন্ন প্রতিযোগিতামূলক পরীক্ষার প্রস্তুতির জন্য গুরুত্বপূর্ণ কারেন্ট অ্যাফেয়ার্স। PDF Credit: Educati",Image,https://t.me/hscfreepdf/1921,1921,1921,
2026-09-16,"জোবায়ের'স সিরিজের সাম্প্রতিক ক্যাপসুল বাংলাদেশ ও আন্তর্জাতিক সাম্প্রতিক বিষয়াবলি | সেপ্টেম্বর ২০২৬ বিশ্ববিদ্যালয় ভর্তি, BCS, ব্যাংকসহ বিভিন্ন প্রতিযোগিতামূলক পরীক্ষার প্রস্তুতির জন্য গুরুত্বপূর্ণ কারেন্ট অ্যাফেয়ার্স। PDF Credit: Educati",PDF,https://t.me/hscfreepdf/1920,1920,1920,জোবায়ের_সাম্প্রতিক_ক্যাপসুল.pdf
2026-09-16,"আলাল'স সাম্প্রতিক HOUR বর্ষ ১২ | সংস্করণ ২৩ | জানুয়ারি–সেপ্টেম্বর ২০২৬ বিশ্ববিদ্যালয় ভর্তি, BCS, BJS, ব্যাংক ও অন্যান্য প্রতিযোগিতামূলক পরীক্ষার প্রস্তুতির জন্য। PDF Credit: Educational Blog HSC ও অ্যাডমিশনের প্রস্তুতি গুছিয়ে নিতে ভিজিট করো",Image,https://t.me/hscfreepdf/1919,1919,1919,
2026-09-16,"আলাল'স সাম্প্রতিক HOUR বর্ষ ১২ | সংস্করণ ২৩ | জানুয়ারি–সেপ্টেম্বর ২০২৬ বিশ্ববিদ্যালয় ভর্তি, BCS, BJS, ব্যাংক ও অন্যান্য প্রতিযোগিতামূলক পরীক্ষার প্রস্তুতির জন্য। PDF Credit: Educational Blog HSC ও অ্যাডমিশনের প্রস্তুতি গুছিয়ে নিতে ভিজিট করো",PDF,https://t.me/hscfreepdf/1918,1918,1918,Alals_Samprotik_Hour_Jan-Sep_2026.pdf
2026-09-14,উদ্ভাস ভার্সিটি ‘খ’ প্রিপারেশন বুক সিরিজ PDF বিষয়: সাবজেক্টিভ GK সংস্করণ: ২০২৬–২৭ (Latest) Pdf Credit © PDF Course Bazar BD Join: @hscfreepdf,PDF,https://t.me/hscfreepdf/1917,1917,1917,সাবজেক্টিভ_GK_উদ্ভাস_ভার্সিটি_খ_প্রিপারেশন_বুক.pdf
2026-09-14,উদ্ভাস ভার্সিটি ‘খ’ প্রিপারেশন বুক সিরিজ PDF বিষয়: আন্তর্জাতিক বিষয়াবলি সংস্করণ: ২০২৬–২৭ (Latest) Pdf Credit © PDF Course Bazar BD Join: @hscfreepdf,PDF,https://t.me/hscfreepdf/1916,1916,1916,আন্তর্জাতিক_বিষয়াবলি_উদ্ভাস_ভার্সিটি_খ_প্রিপারেশন.pdf
2026-09-14,উদ্ভাস ভার্সিটি ‘খ’ প্রিপারেশন বুক সিরিজ PDF বিষয়: বাংলাদেশ বিষয়াবলি সংস্করণ: ২০২৬–২৭ (Latest) Pdf Credit © PDF Course Bazar BD Join: @hscfreepdf,PDF,https://t.me/hscfreepdf/1915,1915,1915,বাংলাদেশ_বিষয়াবলি_উদ্ভাস_ভার্সিটি_খ_প্রিপারেশন.pdf
2026-09-14,উদ্ভাস ভার্সিটি ‘খ’ প্রিপারেশন বুক সিরিজ PDF বিষয়: IQ Math সংস্করণ: ২০২৬–২৭ (Latest) Pdf Credit © PDF Course Bazar BD Join: @hscfreepdf,PDF,https://t.me/hscfreepdf/1914,1914,1914,IQ_Math_উদ্ভাস_ভার্সিটি_খ_প্রিপারেশন_বুক.pdf
2026-09-14,উদ্ভাস ভার্সিটি ‘খ’ প্রিপারেশন বুক সিরিজ PDF বিষয়: ইংরেজি লিখিত সংস্করণ: ২০২৬–২৭ (Latest) Pdf Credit © PDF Course Bazar BD Join: @hscfreepdf,PDF,https://t.me/hscfreepdf/1913,1913,1913,ইংরেজি_লিখিত_উদ্ভাস_ভার্সিটি_খ_প্রিপারেশন_বুক.pdf
2026-09-14,উদ্ভাস ভার্সিটি ‘খ’ প্রিপারেশন বুক সিরিজ PDF বিষয়: ইংরেজি ২য় পত্র সংস্করণ: ২০২৬–২৭ (Latest) Pdf Credit © PDF Course Bazar BD Join: @hscfreepdf,PDF,https://t.me/hscfreepdf/1912,1912,1912,ইংরেজি_২য়_পত্র_উদ্ভাস_ভার্সিটি_খ_প্রিপারেশন_বুক.pdf
2026-09-14,উদ্ভাস ভার্সিটি ‘খ’ প্রিপারেশন বুক সিরিজ PDF বিষয়: ইংরেজি ১ম পত্র সংস্করণ: ২০২৬–২৭ (Latest) Pdf Credit © PDF Course Bazar BD Join: @hscfreepdf,PDF,https://t.me/hscfreepdf/1911,1911,1911,ইংরেজি_১ম_পত্র_উদ্ভাস_ভার্সিটি_খ_প্রিপারেশন_বুক.pdf
2026-09-14,উদ্ভাস ভার্সিটি ‘খ’ প্রিপারেশন বুক সিরিজ PDF বিষয়: বাংলা লিখিত সংস্করণ: ২০২৬–২৭ (Latest) Pdf Credit © PDF Course Bazar BD Join: @hscfreepdf,PDF,https://t.me/hscfreepdf/1910,1910,1910,বাংলা_লিখিত_উদ্ভাস_ভার্সিটি_খ_প্রিপারেশন_বুক_২০২৬_watermarked.pdf
2026-09-14,উদ্ভাস ভার্সিটি ‘খ’ প্রিপারেশন বুক সিরিজ PDF বিষয়: বাংলা ২য় পত্র সংস্করণ: ২০২৬–২৭ (Latest) Pdf Credit © PDF Course Bazar BD Join: @hscfreepdf,PDF,https://t.me/hscfreepdf/1909,1909,1909,বাংলা_২য়_পত্র_উদ্ভাস_ভার্সিটি_খ_প্রিপারেশন_বুক.pdf
2026-09-14,উদ্ভাস ভার্সিটি ‘খ’ প্রিপারেশন বুক সিরিজ PDF বিষয়: বাংলা ১ম পত্র সংস্করণ: ২০২৬–২৭ (Latest) Pdf Credit © PDF Course Bazar BD Join: @hscfreepdf,PDF,https://t.me/hscfreepdf/1908,1908,1908,বাংলা_১ম_পত্র_উদ্ভাস_ভার্সিটি_খ_প্রিপারেশন_বুক.pdf
2026-09-12,"Prostuti V1.0.7 — August 29 https://t.me/prostutigroup/3/1593 • Free limit আরও বাড়ানো হয়েছে • New users পাবে ৩ দিন free access • Battle Royale added • Exam History, Mistake List ও Saved Question আরও useful • Subject & Chapter-wise improveme",APK,https://t.me/hscfreepdf/1906,1906,1906,app-arm64-v8a-release.apk
2026-09-11,উন্মেষ মেডিকেল ভর্তি প্রস্তুতি | Medical Weekly MCQ পরীক্ষা-03 PDF Credit : Hscfreepdf মেডিকেল ভর্তি প্রস্তুতির জন্য ভিজিট করো: web.prostuti.bd (@prostutibd) পিডিএফ পেতে জয়েন করো: @hscfreepdf Dont Copy Without Credit Extra Medical Weekly M,PDF,https://t.me/hscfreepdf/1903,1903,1903,MAP Weekly MCQ Exam-03__analysis-file-127089_watermarked.pdf
2026-09-10,কোষ রসায়ন মোহাম্মদ আবুল হাসান স্যার উন্মেষ লাল সবুজ দাগানো বই ২০২৬-২৭ পিডিএফ Pdf Credit: Hsc Free Pdf অ্যাডমিশন টেস্টের প্রতিযোগিতায় নিজেকে এগিয়ে রাখতে ব্যবহার করো Prostuti App: web.prostuti.bd @prostutibd Hsc Free Pdf,PDF,https://t.me/hscfreepdf/1902,1902,1902,কোষ_রসায়ন_মোহাম্মদ_আবুল_হাসান_স্যার_watermarked.pdf
2026-09-10,কোষ বিভাজন মোহাম্মদ আবুল হাসান স্যার উন্মেষ লাল সবুজ দাগানো বই ২০২৬-২৭ পিডিএফ Pdf Credit: Hsc Free Pdf অ্যাডমিশন টেস্টের প্রতিযোগিতায় নিজেকে এগিয়ে রাখতে ব্যবহার করো Prostuti App: web.prostuti.bd @prostutibd Hsc Free Pdf,PDF,https://t.me/hscfreepdf/1901,1901,1901,কোষ_বিভাজন_মোহাম্মদ_আবুল_হাসান.pdf
2026-09-10,কোষ ও এর গঠন মোহাম্মদ আবুল হাসান স্যার উন্মেষ লাল সবুজ দাগানো বই ২০২৬-২৭ পিডিএফ Pdf Credit: Hsc Free Pdf,PDF,https://t.me/hscfreepdf/1900,1900,1900,কোষ_ও_এর_গঠন_মোহাম্মদ_আবুল_হাসান_স্যার_watermarked.pdf
2026-09-10,"উন্মেষ লাল সবুজ দাগানো বই ২০২৬-২৭ পিডিএফ লাগবে? React দাও, আসছে! অ্যাডমিশন টেস্টের প্রতিযোগিতায় নিজেকে এগিয়ে রাখতে ব্যবহার করো Prostuti App: web.prostuti.bd @prostutibd Hsc Free Pdf",Image,https://t.me/hscfreepdf/1897,1897,1897,
2026-09-08,#AdmissonCircular কৃষি গুচ্ছভুক্ত পাবলিক বিশ্ববিদ্যালয়গুলোর ২০২৬-২৭ শিক্ষাবর্ষের স্নাতক প্রথম বর্ষের ভর্তি পরীক্ষার তারিখ ঘোষণা করা হয়েছে। এই ভর্তি পরীক্ষা আগামী বছরের ২ জানুয়ারি অনুষ্ঠিত হবে। এবারের ভর্তি কার্যক্রমের নেতৃত্ব দেবে রাজধানীর ,Image,https://t.me/hscfreepdf/1896,1896,1896,
2026-09-08,গাণিতিক পদার্থবিজ্ঞান ২য় পত্র PDF | লেখক: অক্ষরপত্র সংস্করন: ২০২৬-২৭ [ সর্বশেষ ] Pdf Credit: EducationBlog,PDF,https://t.me/hscfreepdf/1895,1895,1895,গাণিতিক_পদার্থবিজ্ঞান_২য়_পত্র_অক্ষরপত্র_watermarked_optimized.pdf
2026-09-08,"#AdmissonCircular বাংলাদেশ টেক্সটাইল বিশ্ববিদ্যালয়ের (বুটেক্স) ভর্তি পরীক্ষা আগামী ২৯ জানুয়ারী, ২০২৭",Image,https://t.me/hscfreepdf/1894,1894,1894,
2026-09-08,ইঞ্জিনিয়ারিং উইকলি সল্যুশন বুক ০২ পিডিএফ | Udvash Engineering Solution Book 02 PDF লেখক: উদ্ভাস সংস্করন: ২০২৬-২৭ [ সর্বশেষ ] Pdf Credit: PDF & Course Bazar BD,PDF,https://t.me/hscfreepdf/1893,1893,1893,02_watermarked.pdf
2026-09-07,"#AdmissonCircular বুয়েট ভর্তি পরীক্ষা অনুষ্ঠিত হবে আগামী ১৬ জানুয়ারি, ২০২৭।",Image,https://t.me/hscfreepdf/1892,1892,1892,
2026-09-05,"Prostuti App কেন ব্যবহার করবে? HSC, Engineering, Medical আর Varsity ভর্তি পরীক্ষার প্রস্তুতির জন্য যা যা দরকার, সবকিছু একসাথে পাবে Prostuti App এ। ফিচারগুলো নিচে দেওয়া হলো। 1. Druto Practice HSC, Engineering, Medical, Varsity - এই চার ধরনে",Text,https://t.me/hscfreepdf/1891,1891,1891,
2026-09-05,Telegram Image,Image,https://t.me/hscfreepdf/1889,1889,1889,
2026-09-05,"সীমিত সময়ের অফার! কুপন কোড OFFER30 ব্যবহার করে সব প্ল্যানে পাও ৩০% ছাড়। অফারের মেয়াদ বেশিদিন নেই, তাই দেরি না করে এখনই সাবস্ক্রাইব করে ফেলো। যোগাযোগ করো: @prostutibot wa.me/realprostutibd web.prostuti.bd",Image,https://t.me/hscfreepdf/1888,1888,1888,
2026-09-05,আসপেক্ট ভার্সিটি সলিউশন (বিজ্ঞান) মাস্টার প্রশ্নব্যাংক ২০২৬-২৭ পিডিএফ ! PDF Credit : Admission Stuff অ্যাডমিশন টেস্টের প্রতিযোগিতায় নিজেকে এগিয়ে রাখতে ব্যবহার করো Prostuti App: web.prostuti.bd @prostutibd Hsc Free Pdf,PDF,https://t.me/hscfreepdf/1887,1887,1887,@AdmissionStuffs_Aspect Varsity Solution Master QB - Science.pdf
2026-09-05,রিঅ্যাক্ট নেই? নেক্সট উইকলির PDF এর কথাও ভুলে যাও।,Image,https://t.me/hscfreepdf/1886,1886,"1885,1886",
2026-09-04,রিঅ্যাক্ট নেই? নেক্সট উইকলির PDF এর কথাও ভুলে যাও।,Text,https://t.me/hscfreepdf/1885,1885,1885,
2026-09-04,উন্মেষ মেডিকেল ভর্তি প্রস্তুতি | MAP Weekly MCQ পরীক্ষা-02 PDF Credit : Hscfreepdf মেডিকেল ভর্তি প্রস্তুতির জন্য ভিজিট করো: web.prostuti.bd (@prostutibd) পিডিএফ পেতে জয়েন করো: @hscfreepdf Dont Copy Without Credit,PDF,https://t.me/hscfreepdf/1884,1884,1884,mediweekly02.pdf
2026-09-04,উন্মেষ মেডিকেল ভর্তি প্রস্তুতি | MAP Weekly MCQ পরীক্ষা-01 PDF Credit : Hscfreepdf মেডিকেল ভর্তি প্রস্তুতির জন্য ভিজিট করো: web.prostuti.bd (@prostutibd) পিডিএফ পেতে জয়েন করো: @hscfreepdf Dont Copy Without Credit,PDF,https://t.me/hscfreepdf/1882,1882,1882,MAP_Weekly_MCQ_Exam_01_clickable_watermark_20pages.pdf
2026-09-04,কারেন্ট অ্যাফেয়ার্স সেপ্টেম্বর ২০২৬ PDF Credit : Educational Blog এইচএসসি ও অ্যাডমিশন প্রস্তুতির জন্য ভিজিট করো: web.prostuti.bd (@prostutibd) পিডিএফ পেতে জয়েন করো: @hscfreepdf,PDF,https://t.me/hscfreepdf/1881,1881,1881,Current Affairs_September_2026.pdf
2026-09-04,https://t.me/hscfreepdf/1881,Image,https://t.me/hscfreepdf/1880,1880,1880,
2026-09-03,Telegram Image,Image,https://t.me/hscfreepdf/1879,1879,1879,
2026-09-03,"সীমিত সময়ের জন্য কুপন কোড OFFER30 দিয়ে সব প্ল্যানে ৩০% ছাড় পাওয়া যাচ্ছে, তবে ১ মাসের প্ল্যানে এই অফার প্রযোজ্য নয়। অফার বেশিদিন থাকবে না, তাই দ্রুত সাবস্ক্রিপশন কিনে ফেলো। কোনো সমস্যা হলে WhatsApp করো: +8801836083902। web.prostuti.bd",Image,https://t.me/hscfreepdf/1878,1878,1878,
2026-09-02,ACS জীববিজ্ঞান ২য় পত্র ভার্সিটি 'ক' প্রশ্নব্যাংক (২০২৬–২০২৭ সংস্করণ) PDF Credit : Educational Blog এইচএসসি ও অ্যাডমিশন প্রস্তুতির জন্য ভিজিট করো: web.prostuti.bd (@prostutibd) পিডিএফ পেতে জয়েন করো: @hscfreepdf,PDF,https://t.me/hscfreepdf/1877,1877,1877,Acs Varsity Higher Math 2nd P 2026-27.pdf
2026-09-02,ACS জীববিজ্ঞান ১ম পত্র ভার্সিটি 'ক' প্রশ্নব্যাংক (২০২৬–২০২৭ সংস্করণ) PDF Credit : Educational Blog এইচএসসি ও অ্যাডমিশন প্রস্তুতির জন্য ভিজিট করো: web.prostuti.bd (@prostutibd) পিডিএফ পেতে জয়েন করো: @hscfreepdf,PDF,https://t.me/hscfreepdf/1876,1876,1876,ACS Varsity + GST Biology 1st P 2026-27.pdf
2026-09-02,ACS উচ্চতর গণিত ২য় পত্র পত্র ভার্সিটি 'ক' প্রশ্নব্যাংক (২০২৬–২০২৭ সংস্করণ) PDF Credit : Educational Blog এইচএসসি ও অ্যাডমিশন প্রস্তুতির জন্য ভিজিট করো: web.prostuti.bd (@prostutibd) পিডিএফ পেতে জয়েন করো: @hscfreepdf,PDF,https://t.me/hscfreepdf/1875,1875,1875,Acs Varsity Higher Math 2nd P 2026-27.pdf
2026-09-02,ACS উচ্চতর গণিত ১ম পত্র ভার্সিটি 'ক' প্রশ্নব্যাংক (২০২৬–২০২৭ সংস্করণ) PDF Credit : Educational Blog এইচএসসি ও অ্যাডমিশন প্রস্তুতির জন্য ভিজিট করো: web.prostuti.bd (@prostutibd) পিডিএফ পেতে জয়েন করো: @hscfreepdf,PDF,https://t.me/hscfreepdf/1874,1874,1874,ACS Varsity+Gst Higher Math 1st P 2026-27.pdf
2026-09-02,ACS রসায়ন ২য় পত্র ভার্সিটি 'ক' প্রশ্নব্যাংক (২০২৬–২০২৭ সংস্করণ) PDF Credit : Educational Blog এইচএসসি ও অ্যাডমিশন প্রস্তুতির জন্য ভিজিট করো: web.prostuti.bd (@prostutibd) পিডিএফ পেতে জয়েন করো: @hscfreepdf,PDF,https://t.me/hscfreepdf/1873,1873,1873,ACS Varsity+Gst Chemistry 2nd P 2026-27.pdf
2026-09-02,ACS রসায়ন ১ম পত্র ভার্সিটি 'ক' প্রশ্নব্যাংক (২০২৬–২০২৭ সংস্করণ) PDF Credit : Educational Blog এইচএসসি ও অ্যাডমিশন প্রস্তুতির জন্য ভিজিট করো: web.prostuti.bd (@prostutibd) পিডিএফ পেতে জয়েন করো: @hscfreepdf,PDF,https://t.me/hscfreepdf/1872,1872,1872,ACS varsity+GST Chemistry 1st P 2026-27.pdf
2026-09-02,ACS পদার্থবিজ্ঞান ২য় পত্র পত্র ভার্সিটি 'ক' প্রশ্নব্যাংক (২০২৬–২০২৭ সংস্করণ) PDF Credit : Educational Blog এইচএসসি ও অ্যাডমিশন প্রস্তুতির জন্য ভিজিট করো: web.prostuti.bd (@prostutibd) পিডিএফ পেতে জয়েন করো: @hscfreepdf,PDF,https://t.me/hscfreepdf/1871,1871,1871,Acs Varsity+Gst Physics 2nd P 2026-27 .pdf
2026-09-02,ACS পদার্থবিজ্ঞান ১ম পত্র ভার্সিটি 'ক' প্রশ্নব্যাংক (২০২৬–২০২৭ সংস্করণ) PDF Credit : Educational Blog এইচএসসি ও অ্যাডমিশন প্রস্তুতির জন্য ভিজিট করো: web.prostuti.bd (@prostutibd) পিডিএফ পেতে জয়েন করো: @hscfreepdf,PDF,https://t.me/hscfreepdf/1870,1870,1870,Acs Varsity+gst Physics 1st P 2026-27 .pdf
2026-09-02,"ACS ভার্সিটি ক প্রশ্নব্যাংক ২০২৬-২৭ পিডিএফ লাগবে? React দাও, আসছে! Dont Copy Cover অ্যাডমিশন টেস্টের প্রতিযোগিতায় নিজেকে এগিয়ে রাখতে ব্যবহার করো Prostuti App: web.prostuti.bd @prostutibd @hscfreepdf",Image,https://t.me/hscfreepdf/1869,1869,1869,
2026-09-02,"ACS ACHIEVE ENGINEERING EXAM BATCH 2026 Weekly Exam-01 বিষয়: পদার্থ, রসায়ন, গণিত টপিক: সরলরেখা, ভেক্টর, রাসায়নিক পরিবর্তন সেট A Written(প্রশ্ন সমাধান) PDF Credit: Prometheus এইচএসসি ও অ্যাডমিশন প্রস্তুতির জন্য ভিজিট করো: web.prostuti.bd ",PDF,https://t.me/hscfreepdf/1868,1868,1868,Engineering_Weekly_1_Set_01_—_উত্তরমালা_1_2.pdf
2026-09-02,"ACS ACHIEVE ENGINEERING EXAM BATCH 2026 Weekly Exam-01 বিষয়: পদার্থ, রসায়ন, গণিত টপিক: সরলরেখা, ভেক্টর, রাসায়নিক পরিবর্তন সেট A Written(প্রশ্ন) PDF Credit: Prometheus এইচএসসি ও অ্যাডমিশন প্রস্তুতির জন্য ভিজিট করো: web.prostuti.bd (@prost",PDF,https://t.me/hscfreepdf/1867,1867,1867,Engineering Weekly-1 -Set-01- Legal Updated.pdf
2026-09-02,উদ্ভাস ভার্সিটি খ প্রশ্নব্যাংক সাধারণ জ্ঞান ২০২৬-২৭ PDF Credit : Educational Blog এইচএসসি ও অ্যাডমিশন প্রস্তুতির জন্য ভিজিট করো: web.prostuti.bd (@prostutibd),PDF,https://t.me/hscfreepdf/1866,1866,1866,উদ্ভাস_ভার্সিটি_খ_প্রশ্নব্যাংক_সাধারণ_জ্ঞান_২০২৬_২৭.pdf
2026-09-02,উদ্ভাস ভার্সিটি খ প্রশ্নব্যাংক ইংরেজি ২০২৬-২৭ PDF Credit : Educational Blog এইচএসসি ও অ্যাডমিশন প্রস্তুতির জন্য ভিজিট করো: web.prostuti.bd (@prostutibd),PDF,https://t.me/hscfreepdf/1865,1865,1865,ভার্সিটি_খ_মাস্টার_প্রশ্নব্যাংক_ইংরেজি_২০২৬_২৭hscfreepdf.pdf
2026-09-02,উদ্ভাস ভার্সিটি খ প্রশ্নব্যাংক বাংলা ২০২৬-২৭ PDF Credit : Educational Blog এইচএসসি ও অ্যাডমিশন প্রস্তুতির জন্য ভিজিট করো: web.prostuti.bd (@prostutibd),PDF,https://t.me/hscfreepdf/1864,1864,1864,ভার্সিটি_খ_প্রশ্নব্যাংক_বাংলা_২০২৬_২৭.pdf
2026-09-02,"উদ্ভাস ভার্সিটি খ প্রশ্নব্যাংক ২০২৬-২৭ পিডিএফ লাগবে? React দাও, আসছে! Dont Copy Cover অ্যাডমিশন টেস্টের প্রতিযোগিতায় নিজেকে এগিয়ে রাখতে ব্যবহার করো Prostuti App: web.prostuti.bd @prostutibd @hscfreepdf",Image,https://t.me/hscfreepdf/1863,1863,1863,
2026-09-01,উইকলি সল্যুশন বুক-০১ | ভার্সিটি 'ক' & গুচ্ছ এডমিশন প্রোগ্রাম ২০২৬ ©️Udvash এইচএসসি ও অ্যাডমিশন প্রস্তুতির জন্য ভিজিট করো: web.prostuti.bd (@prostutibd),PDF,https://t.me/hscfreepdf/1862,1862,1862,Varsity_2026_Daily+Weekly_Solution_Book_01_P+C+M+Bio_BV_36_Page.pdf
2026-09-01,ভার্সিটি 'খ' With IQ ম্যাথ এডমিশন প্রোগ্রাম ২০২৬ উইকলি সল্যুশন বুক ০১ ©️Udvash এইচএসসি ও অ্যাডমিশন প্রস্তুতির জন্য ভিজিট করো: web.prostuti.bd (@prostutibd),PDF,https://t.me/hscfreepdf/1861,1861,1861,VAP KHA Weekly Solution Book- 01 2026.pdf
2026-09-01,ইঞ্জিনিয়ারিং উইকলি সল্যুশন বুক 01 পিডিএফ | Udvash Engineering Solution Book 01 PDF লেখক: উদ্ভাস সংস্করন: ২০২৬-২৭ [ সর্বশেষ ] এইচএসসি ও অ্যাডমিশন প্রস্তুতির জন্য ভিজিট করো: web.prostuti.bd (@prostutibd),PDF,https://t.me/hscfreepdf/1860,1860,1860,ইঞ্জিনিয়ারিং_উইকলি_সল্যুশন_বুক_১.pdf
2026-08-30,পাঞ্জেরী এইচএসসি স্পেশাল সাপ্লিমেন্ট⁺⁺ পরীক্ষা ২০২৭ | সকল বোর্ড পদার্থবিজ্ঞান দ্বিতীয় পত্র | ব্যবহারিকসহ PDF Credit : Educational Blog এইচএসসি ও অ্যাডমিশন প্রস্তুতির জন্য ভিজিট করো: web.prostuti.bd (@prostutibd),PDF,https://t.me/hscfreepdf/1859,1859,1859,Hsc Physics 2nd Paper Supplement 2027.pdf
2026-08-30,পাঞ্জেরী এইচএসসি স্পেশাল সাপ্লিমেন্ট⁺⁺ পরীক্ষা ২০২৭ | সকল বোর্ড উচ্চতর গণিত প্রথম পত্র | ব্যবহারিকসহ PDF Credit : Educational Blog এইচএসসি ও অ্যাডমিশন প্রস্তুতির জন্য ভিজিট করো: web.prostuti.bd (@prostutibd),PDF,https://t.me/hscfreepdf/1858,1858,1858,Higher Math 1st Suppliment 2027.pdf
2026-08-30,পাঞ্জেরী এইচএসসি স্পেশাল সাপ্লিমেন্ট⁺⁺ পরীক্ষা ২০২৭ | সকল বোর্ড রসায়ন দ্বিতীয় পত্র | ব্যবহারিকসহ PDF Credit : Educational Blog এইচএসসি ও অ্যাডমিশন প্রস্তুতির জন্য ভিজিট করো: web.prostuti.bd (@prostutibd),PDF,https://t.me/hscfreepdf/1857,1857,1857,Hsc Chemistry 2nd Paper Supplement 2027.pdf
2026-08-30,Telegram Image,Image,https://t.me/hscfreepdf/1856,1856,1856,
2026-08-30,Telegram Image,Image,https://t.me/hscfreepdf/1855,1855,1855,
2026-08-30,Telegram Image,Image,https://t.me/hscfreepdf/1854,1854,1854,
2026-08-30,https://t.me/hscfreepdf/1852,Image,https://t.me/hscfreepdf/1853,1853,1853,
2026-08-30,"Unlocking Vocabulary — 2nd Edition Academic, Admission & Job | Concept & Composed by Arif Istiak",PDF,https://t.me/hscfreepdf/1852,1852,1852,Unlocking Vocabulary 2nd Edition by Educationalpdf.com.pdf
2026-08-29,"Prostuti V1.0.7 — September 29 https://t.me/prostutigroup/3/1593 • Free limit আরও বাড়ানো হয়েছে • New users পাবে ৩ দিন free access • Battle Royale added • Exam History, Mistake List ও Saved Question আরও useful • Subject & Chapter-wise improv",APK,https://t.me/hscfreepdf/1851,1851,1851,app-arm64-v8a-release.apk
2026-08-29,জীববিজ্ঞান ২য় পত্র (প্রাণিবিজ্ঞান) — রয়েল ভার্সিটি গাইড ২০২৬-২৭ পিডিএফ PDF Credit : Educational Blog অ্যাডমিশন টেস্টের প্রতিযোগিতায় নিজেকে এগিয়ে রাখতে ব্যবহার করো Prostuti App: web.prostuti.bd @prostutibd,PDF,https://t.me/hscfreepdf/1850,1850,1850,BIO2.pdf
2026-08-29,জীববিজ্ঞান ১ম পত্র (উদ্ভিদবিজ্ঞান) — রয়েল ভার্সিটি গাইড ২০২৬-২৭ পিডিএফ PDF Credit : Educational Blog অ্যাডমিশন টেস্টের প্রতিযোগিতায় নিজেকে এগিয়ে রাখতে ব্যবহার করো Prostuti App: web.prostuti.bd @prostutibd,PDF,https://t.me/hscfreepdf/1849,1849,1849,BIO 1.pdf
2026-08-29,উচ্চতর গণিত ২য় পত্র রয়েল ভার্সিটি গাইড ২০২৬-২৭ পিডিএফ PDF Credit : Educational Blog অ্যাডমিশন টেস্টের প্রতিযোগিতায় নিজেকে এগিয়ে রাখতে ব্যবহার করো Prostuti App: web.prostuti.bd @prostutibd,PDF,https://t.me/hscfreepdf/1848,1848,1848,math 2.pdf
2026-08-29,উচ্চতর গণিত ১ম পত্র রয়েল ভার্সিটি গাইড ২০২৬-২৭ পিডিএফ PDF Credit : Educational Blog অ্যাডমিশন টেস্টের প্রতিযোগিতায় নিজেকে এগিয়ে রাখতে ব্যবহার করো Prostuti App: web.prostuti.bd @prostutibd,PDF,https://t.me/hscfreepdf/1847,1847,1847,math 1.pdf
2026-08-29,রসায়ন ২য় পত্র — রয়েল ভার্সিটি গাইড ২০২৬-২৭ পিডিএফ PDF Credit : Educational Blog অ্যাডমিশন টেস্টের প্রতিযোগিতায় নিজেকে এগিয়ে রাখতে ব্যবহার করো Prostuti App: web.prostuti.bd @prostutibd,PDF,https://t.me/hscfreepdf/1846,1846,1846,chm2.pdf
2026-08-29,রসায়ন ১ম পত্র — রয়েল ভার্সিটি গাইড ২০২৬-২৭ পিডিএফ PDF Credit : Educational Blog অ্যাডমিশন টেস্টের প্রতিযোগিতায় নিজেকে এগিয়ে রাখতে ব্যবহার করো Prostuti App: web.prostuti.bd @prostutibd,PDF,https://t.me/hscfreepdf/1845,1845,1845,chm1.pdf
2026-08-29,পদার্থবিজ্ঞান ২য় পত্র — রয়েল ভার্সিটি গাইড ২০২৬-২৭ পিডিএফ PDF Credit : Educational Blog অ্যাডমিশন টেস্টের প্রতিযোগিতায় নিজেকে এগিয়ে রাখতে ব্যবহার করো Prostuti App: web.prostuti.bd @prostutibd,PDF,https://t.me/hscfreepdf/1844,1844,1844,phy2.pdf
2026-08-29,পদার্থবিজ্ঞান ১ম পত্র রয়েল ভার্সিটি গাইড ২০২৬-২৭ পিডিএফ PDF Credit : Educational Blog অ্যাডমিশন টেস্টের প্রতিযোগিতায় নিজেকে এগিয়ে রাখতে ব্যবহার করো Prostuti App: web.prostuti.bd @prostutibd,PDF,https://t.me/hscfreepdf/1843,1843,1843,phy1.pdf
2026-08-29,"রয়েল ভার্সিটি গাইড ২০২৬-২৭ পিডিএফ লাগবে? React দাও, আসছে! অ্যাডমিশন টেস্টের প্রতিযোগিতায় নিজেকে এগিয়ে রাখতে ব্যবহার করো Prostuti App: web.prostuti.bd @prostutibd @hscfreepdf",Image,https://t.me/hscfreepdf/1842,1842,1842,
2026-08-27,মেডিকেল দাগানো বইয়ের PDF পদার্থবিজ্ঞান ১ম পত্র — ইশহাক স্যার PDF Folder পদার্থবিজ্ঞান ২য় পত্র — ইশহাক স্যার PDF Folder রসায়ন ১ম পত্র — হাজারী ও নাগ স্যার PDF Folder রসায়ন ২য় পত্র — হাজারী ও নাগ স্যার PDF Folder জীববিজ্ঞান ১ম পত্র (উদ্ভিদবিজ,Text,https://t.me/hscfreepdf/1841,1841,1841,
2026-08-25,"KUET ২০২৬-২৭ শিক্ষাবর্ষের ভর্তি পরীক্ষা ৮ জানুয়ারি, ২০২৭খুলনা, ঢাকা ও রাজশাহীতে অনুষ্ঠিত হবে। ভর্তি পরীক্ষা MCQ পদ্ধতিতে অনুষ্ঠিত হবে। খুলনা প্রকৌশল ও প্রযুক্তি বিশ্ববিদ্যালয় (কুয়েট)-এর ২০২৬–-২০২৭ শিক্ষাবর্ষের ১ম বর্ষ স্নাতক ভর্তি পরীক্ষা আ",Text,https://t.me/hscfreepdf/1839,1839,1839,
2026-08-25,Royal Guide HSC 27 chemistry 1st https://drive.google.com/drive/folders/1pNbgu2VtuzACiaRyOHeIbwB94NxjZUYF 2nd https://drive.google.com/drive/folders/1_uQkxjy8ICQM-hyS1iSfi17efm6yOE8Z math: 1st: https://drive.google.com/drive/folders/1ve3Mp2,Image,https://t.me/hscfreepdf/1838,1838,1838,
2026-08-23,⚠️ HSC 26: Dhaka University Admission Test Strategy ❓ | ঢাবি ভর্তির সিক্রেট স্ট্র্যাটেজি https://youtu.be/8LyGffeOiE8 সামনে আলাদা আলাদা সাবজেক্ট এর জন্যে বিস্তারিত ভিডিও আসবে!,Image,https://t.me/hscfreepdf/1837,1837,1837,
2026-08-23,"গুণগত রসায়ন | Udvash Varsity ক ইউনিট Master Question Bank Solve | Part 1 (আরেকটি পার্ট আসবে) চ্যানেলটি সাবস্ক্রাইব করিও,আর কোনো মতামত থাকলে কমেন্ট এ জানিও । https://youtu.be/0r1KMgL28TU",Image,https://t.me/hscfreepdf/1836,1836,1836,
2026-08-22,অ্যাডমিশন PDF ইনডেক্স (২০২৬-২৭) Part 2 ভার্সিটি 'ক' ইউনিট উদ্ভাস ভার্সিটি 'ক' মাস্টার প্রশ্নব্যাংক ২০২৬-২৭ Physics ১ম পত্র Physics ২য় পত্র Chemistry ১ম পত্র Chemistry ২য় পত্র Higher Math ১ম পত্র Higher Math ২য় পত্র Biology ১ম পত্র Biolog,Image,https://t.me/hscfreepdf/1835,1835,1835,
2026-08-22,অ্যাডমিশন PDF ইনডেক্স (২০২৬-২৭) Part 1 ইঞ্জিনিয়ারিং উদ্ভাস ইঞ্জিনিয়ারিং মাস্টার প্রশ্নব্যাংক পদার্থবিজ্ঞান ১ম ও ২য় পত্র রসায়ন ১ম ও ২য় পত্র উচ্চতর গণিত ১ম ও ২য় পত্র উদ্ভাস ইঞ্জিনিয়ারিং কনসেপ্ট বুক ২০২৬ পদার্থবিজ্ঞান ১ম পত্র পদার্থবিজ্,Image,https://t.me/hscfreepdf/1834,1834,1834,
2026-08-22,রেটিনা গাইড মেডিকেল ও ডেন্টাল ভর্তি প্রস্তুতি রসায়ন ২০২৬-২৭ PDF Credit : Educational Blog অ্যাডমিশন টেস্টের প্রতিযোগিতায় নিজেকে এগিয়ে রাখতে ব্যবহার করো Prostuti App: web.prostuti.bd @prostutibd Join @hscfreepdf,PDF,https://t.me/hscfreepdf/1827,1827,1827,রেটিনা_গাইড_রসায়ন_২০২৬_২৭.pdf
2026-08-22,রেটিনা গাইড মেডিকেল ও ডেন্টাল ভর্তি প্রস্তুতি পদার্থবিজ্ঞান ২০২৬-২৭ PDF Credit : Educational Blog অ্যাডমিশন টেস্টের প্রতিযোগিতায় নিজেকে এগিয়ে রাখতে ব্যবহার করো Prostuti App: web.prostuti.bd @prostutibd Join @hscfreepdf,PDF,https://t.me/hscfreepdf/1826,1826,1826,রেটিনা_গাইড_পদার্থবিজ্ঞান_২০২৬_২৭.pdf
2026-08-22,রেটিনা গাইড মেডিকেল ও ডেন্টাল ভর্তি প্রস্তুতি প্রানীবিজ্ঞান ২০২৬-২৭ PDF Credit : Educational Blog অ্যাডমিশন টেস্টের প্রতিযোগিতায় নিজেকে এগিয়ে রাখতে ব্যবহার করো Prostuti App: web.prostuti.bd @prostutibd Join @hscfreepdf,PDF,https://t.me/hscfreepdf/1825,1825,1825,রেটিনা_গাইড_প্রানীবিজ্ঞান_২০২৬_২৭.pdf
2026-08-22,রেটিনা গাইড মেডিকেল ও ডেন্টাল ভর্তি প্রস্তুতি উদ্ভিদবিজ্ঞান ২০২৬-২৭ PDF Credit : Educational Blog অ্যাডমিশন টেস্টের প্রতিযোগিতায় নিজেকে এগিয়ে রাখতে ব্যবহার করো Prostuti App: web.prostuti.bd @prostutibd Join @hscfreepdf,PDF,https://t.me/hscfreepdf/1824,1824,1824,রেটিনা_গাইড_উদ্ভিদবিজ্ঞান_২০২৬_২৭.pdf
2026-08-21,Telegram Image,Image,https://t.me/hscfreepdf/1823,1823,1823,
2026-08-21,"সীমিত সময়ের জন্য কুপন কোড OFFER30 দিয়ে সব প্ল্যানে ৩০% ছাড় পাওয়া যাচ্ছে, তবে ১ মাসের প্ল্যানে এই অফার প্রযোজ্য নয়। অফার বেশিদিন থাকবে না, তাই দ্রুত সাবস্ক্রিপশন করে ফেলো। কোনো সমস্যা হলে WhatsApp করো: +8801836083902। web.prostuti.bd",Image,https://t.me/hscfreepdf/1822,1822,1822,
2026-08-20,রেটিনা ডাইজেস্ট সাধারণ জ্ঞান আন্তর্জাতিক বিষয়াবলি ২০২৬-২৭ সংস্করণ PDF Credit : Educational Blog অ্যাডমিশন টেস্টের প্রতিযোগিতায় নিজেকে এগিয়ে রাখতে ব্যবহার করো Prostuti App: web.prostuti.bd @prostutibd Join @hscfreepdf,PDF,https://t.me/hscfreepdf/1821,1821,1821,রেটিনা_ডাইজেস্ট_সাধারণ_জ্ঞান_আন্তর্জাতিক_বিষয়াবলি_২০২৬.pdf
2026-08-20,রেটিনা ডাইজেস্ট সাধারণ জ্ঞান বাংলাদেশ বিষয়াবলি ২০২৬-২৭ সংস্করণ PDF Credit : Educational Blog অ্যাডমিশন টেস্টের প্রতিযোগিতায় নিজেকে এগিয়ে রাখতে ব্যবহার করো Prostuti App: web.prostuti.bd @prostutibd Join @hscfreepdf,PDF,https://t.me/hscfreepdf/1820,1820,1820,রেটিনা_ডাইজেস্ট_সাধারণ_জ্ঞান_বাংলাদেশ_বিষয়াবলি_২০২৬.pdf
2026-08-20,রেটিনা ডাইজেস্ট English part 2 Vocabulary ২০২৬-২৭ সংস্করণ PDF Credit : Educational Blog অ্যাডমিশন টেস্টের প্রতিযোগিতায় নিজেকে এগিয়ে রাখতে ব্যবহার করো Prostuti App: web.prostuti.bd @prostutibd Join @hscfreepdf,PDF,https://t.me/hscfreepdf/1819,1819,1819,Retins Digest English part 2 Vocabulary 2026.pdf
2026-08-20,রেটিনা ডাইজেস্ট English part 1 Grammar ২০২৬-২৭ সংস্করণ PDF Credit : Educational Blog অ্যাডমিশন টেস্টের প্রতিযোগিতায় নিজেকে এগিয়ে রাখতে ব্যবহার করো Prostuti App: web.prostuti.bd @prostutibd Join @hscfreepdf,PDF,https://t.me/hscfreepdf/1818,1818,1818,Retins Digest English part 1 Grammar 2026.pdf.pdf
2026-08-20,রেটিনা ডাইজেস্ট প্রানীবিজ্ঞান ২০২৬-২৭ সংস্করণ PDF Credit : Educational Blog অ্যাডমিশন টেস্টের প্রতিযোগিতায় নিজেকে এগিয়ে রাখতে ব্যবহার করো Prostuti App: web.prostuti.bd @prostutibd Join @hscfreepdf,PDF,https://t.me/hscfreepdf/1817,1817,1817,রেটিনা_ডাইজেস্ট_প্রানীবিজ্ঞান_২০২৬.pdf
2026-08-20,রেটিনা ডাইজেস্ট উদ্ভিদবিজ্ঞান ২০২৬-২৭ সংস্করণ PDF Credit : Educational Blog অ্যাডমিশন টেস্টের প্রতিযোগিতায় নিজেকে এগিয়ে রাখতে ব্যবহার করো Prostuti App: web.prostuti.bd @prostutibd Join @hscfreepdf,PDF,https://t.me/hscfreepdf/1816,1816,1816,রেটিনা_ডাইজেস্ট_উদ্ভিদবিজ্ঞান_২০২৬.pdf
2026-08-20,রেটিনা ডাইজেস্ট রসায়ন ২য় পত্র ২০২৬-২৭ সংস্করণ PDF Credit : Educational Blog অ্যাডমিশন টেস্টের প্রতিযোগিতায় নিজেকে এগিয়ে রাখতে ব্যবহার করো Prostuti App: web.prostuti.bd @prostutibd Join @hscfreepdf,PDF,https://t.me/hscfreepdf/1815,1815,1815,রেটিনা_ডাইজেস্ট_রসায়ন_২য়_পত্র_২০২৬.pdf
2026-08-20,রেটিনা ডাইজেস্ট রসায়ন ১ম পত্র ২০২৬-২৭ সংস্করণ PDF Credit : Educational Blog অ্যাডমিশন টেস্টের প্রতিযোগিতায় নিজেকে এগিয়ে রাখতে ব্যবহার করো Prostuti App: web.prostuti.bd @prostutibd Join @hscfreepdf,PDF,https://t.me/hscfreepdf/1814,1814,1814,রেটিনা_ডাইজেস্ট_রসায়ন_১ম_পত্র_২০২৬.pdf
2026-08-20,রেটিনা ডাইজেস্ট পদার্থবিজ্ঞান ২য় পত্র ২০২৬-২৭ সংস্করণ PDF Credit : Educational Blog অ্যাডমিশন টেস্টের প্রতিযোগিতায় নিজেকে এগিয়ে রাখতে ব্যবহার করো Prostuti App: web.prostuti.bd @prostutibd Join @hscfreepdf,PDF,https://t.me/hscfreepdf/1813,1813,1813,রেটিনা_ডাইজেস্ট_পদার্থবিজ্ঞান_২য়_পত্র_২০২৬.pdf
2026-08-20,রেটিনা ডাইজেস্ট পদার্থবিজ্ঞান ১ম পত্র ২০২৬-২৭ সংস্করণ PDF Credit : Educational Blog অ্যাডমিশন টেস্টের প্রতিযোগিতায় নিজেকে এগিয়ে রাখতে ব্যবহার করো Prostuti App: web.prostuti.bd @prostutibd Join @hscfreepdf,PDF,https://t.me/hscfreepdf/1812,1812,1812,রেটিনা_ডাইজেস্ট_পদার্থবিজ্ঞান_১ম_পত্র_২০২৬_1.pdf
2026-08-20,রেটিনা মেডিকেল ও ডেন্টাল প্রশ্নব্যাংক (বিগত ১০ বছরের) ২০২৬-২৭ সংস্করণ PDF Credit : Educational Blog অ্যাডমিশন টেস্টের প্রতিযোগিতায় নিজেকে এগিয়ে রাখতে ব্যবহার করো Prostuti App: web.prostuti.bd @prostutibd Join @hscfreepdf,PDF,https://t.me/hscfreepdf/1811,1811,1811,রেটিনা_মেডিকেল_ও_ডেন্টাল_প্রশ্নব্যাংক_২০২৬_২৭.pdf
2026-08-20,"রেটিনা ডাইজেস্ট সকল বই ২০২৬-২৭ পিডিএফ লাগবে? React দাও, আসছে! অ্যাডমিশন টেস্টের প্রতিযোগিতায় নিজেকে এগিয়ে রাখতে ব্যবহার করো Prostuti App: web.prostuti.bd",Image,https://t.me/hscfreepdf/1810,1810,1810,
2026-08-19,উন্মেষ মেডিকেল এন্ড ডেন্টাল এডমিশন এক্সাম বুক ২০২৬ সংস্করণ PDF Credit : Educational Blog অ্যাডমিশন টেস্টের প্রতিযোগিতায় নিজেকে এগিয়ে রাখতে ব্যবহার করো Prostuti App: web.prostuti.bd @prostutibd Join @hscfreepdf,PDF,https://t.me/hscfreepdf/1809,1809,1809,উন্মেষ_এক্সাম_বুক_২০২৬_২৭.pdf
2026-08-19,"Prostuti ২০ আগস্ট পর্যন্ত সব কিছু ফ্রি। গত এক মাসে Medical, Engineering আর Varsity-র পুরো Content যুক্ত হয়েছে। এখন ব্যবহার করে দেখো, তারপর সিদ্ধান্ত নাও Premium তোমার জন্য worth it কি না।।। যা পাবে: Chapter-wise Practice, Custom Mock Test,",Text,https://t.me/hscfreepdf/1808,1808,1808,
2026-08-18,উদ্ভাস ইঞ্জিনিয়ারিং কনসেপ্ট বুক উচ্চতর গণিত ২য় পত্র PDF Credit : Educational Blog অ্যাডমিশন টেস্টের প্রতিযোগিতায় নিজেকে এগিয়ে রাখতে ব্যবহার করো Prostuti App: web.prostuti.bd @prostutibd Join @hscfreepdf,PDF,https://t.me/hscfreepdf/1807,1807,1807,উদ্ভাস_ইঞ্জিনিয়ারিং_কনসেপ্ট_বুক_উচ্চতর_গণিত_২য়_পত্র_২০২৬.pdf
2026-08-18,"ভার্সিটি ক মাস্টার প্রশ্ন ব্যাংক সমাধান কোর্সের যাত্রা শুরু হতে যাচ্ছি, অনেকে ডেমো দেখতে চাচ্ছিলে , চ্যানেলটিকে সাবস্ক্রাইব করে দিতে পারো , ইনশাল্লাহ ভালো কন্টেন্ট আসবে ঢাবি ও বিশ্ববিদ্যালয় কেন্দ্রিক । লিংকঃ https://youtu.be/5vQWi-2h-Hw (অড",Image,https://t.me/hscfreepdf/1806,1806,1806,
2026-08-18,Udvash BUET Question Bank with Model Test 𝗘𝗱𝗶𝘁𝗶𝗼𝗻 : 𝟮𝟬𝟮𝟲-𝟮𝟳 [𝗟𝗮𝘁𝗲𝘀𝘁] ⓒ PDF Credit : 𝐀𝐝𝐦𝐢𝐬𝐬𝐢𝐨𝐧 𝐒𝐭𝐮𝐟𝐟𝐬 অ্যাডমিশন টেস্টের প্রতিযোগিতায় নিজেকে এগিয়ে রাখতে ব্যবহার করো Prostuti App: web.prostuti.bd @prostutibd Join @hscfreepdf,PDF,https://t.me/hscfreepdf/1805,1805,1805,@AdmissionStuffs_Udvash BUET QB (26-27).pdf
2026-08-18,উদ্ভাস ইঞ্জিনিয়ারিং কনসেপ্ট বুক উচ্চতর গণিত ১ম পত্র ২০২৬ PDF Credit : Educational Blog অ্যাডমিশন টেস্টের প্রতিযোগিতায় নিজেকে এগিয়ে রাখতে ব্যবহার করো Prostuti App: web.prostuti.bd @prostutibd Join @hscfreepdf,PDF,https://t.me/hscfreepdf/1803,1803,1803,উদ্ভাস_ইঞ্জিনিয়ারিং_কনসেপ্ট_বুক_উচ্চতর_গণিত_১ম_পত্র_২০২৬.pdf
2026-08-18,উদ্ভাস ইঞ্জিনিয়ারিং কনসেপ্ট বুক রসায়ন ২য় পত্র PDF Credit : Educational Blog অ্যাডমিশন টেস্টের প্রতিযোগিতায় নিজেকে এগিয়ে রাখতে ব্যবহার করো Prostuti App: web.prostuti.bd @prostutibd Join @hscfreepdf,PDF,https://t.me/hscfreepdf/1802,1802,1802,উদ্ভাস_ইঞ্জিনিয়ারিং_কনসেপ্ট_বুক_রসায়ন_২য়_পত্র_২০২৬.pdf
2026-08-18,উদ্ভাস ইঞ্জিনিয়ারিং কনসেপ্ট বুক রসায়ন ১ম পত্র ২০২৬ PDF Credit : Educational Blog অ্যাডমিশন টেস্টের প্রতিযোগিতায় নিজেকে এগিয়ে রাখতে ব্যবহার করো Prostuti App: web.prostuti.bd @prostutibd,PDF,https://t.me/hscfreepdf/1801,1801,1801,উদ্ভাস_ইঞ্জিনিয়ারিং_কনসেপ্ট_বুক_রসায়ন_১ম_পত্র_২০২৬.pdf
2026-08-18,উদ্ভাস ইঞ্জিনিয়ারিং কনসেপ্ট বুক পদার্থবিজ্ঞান ২য় পত্র ২০২৬ PDF Credit : Educational Blog অ্যাডমিশন টেস্টের প্রতিযোগিতায় নিজেকে এগিয়ে রাখতে ব্যবহার করো Prostuti App: web.prostuti.bd @prostutibd,PDF,https://t.me/hscfreepdf/1800,1800,1800,ইঞ্জিনিয়ারিং_কনসেপ্ট_বুক_পদার্থবিজ্ঞান_২য়_পত্র_২০২৬.pdf
2026-08-18,উদ্ভাস ইঞ্জিনিয়ারিং কনসেপ্ট বুক পদার্থবিজ্ঞান ১ম পত্র ২০২৬ PDF Credit : Educational Blog অ্যাডমিশন টেস্টের প্রতিযোগিতায় নিজেকে এগিয়ে রাখতে ব্যবহার করো Prostuti App: web.prostuti.bd @prostutibd,PDF,https://t.me/hscfreepdf/1799,1799,1799,উদ্ভাস_ইঞ্জিনিয়ারিং_কনসেপ্ট_বুক_পদার্থবিজ্ঞান_১ম_পত্র_২০২৬_.pdf
2026-08-17,"✨ACS HSC 27 - Chemistry Cycle 3 Book✨ 🌟 𝐄𝐝𝐢𝐭𝐢𝐨𝐧 : 𝟐𝟎𝟐𝟕 [𝐋𝐚𝐭𝐞𝐬𝐭] 📖 রসায়ন সাইকেল বুক ৩ 🏷 রাসায়নিক পরিবর্তন ও পরিবেশ রসায়ন ⓒ PDF Credit : 𝐀𝐝𝐦𝐢𝐬𝐬𝐢𝐨𝐧 𝐒𝐭𝐮𝐟𝐟𝐬 HSC & Admission প্রস্তুতির জন্য Prostuti App-এ পাবে Chapter-wise Practice, Question Ba",PDF,https://t.me/hscfreepdf/1798,1798,1798,@HSCStuffs_Acs HSC 27 Chemistry Cycle Book 3.pdf
2026-08-17,✨ACS HSC 27 - Chemistry Cycle 2 Book✨ 🌟 𝐄𝐝𝐢𝐭𝐢𝐨𝐧 : HSC 2027 [Latest] 📖 রসায়ন সাইকেল বুক ২ 🏷 মৌলের পর্যায়বৃত্ত ধর্ম ও রাসায়নিক বন্ধন এবং কর্মমুখী রসায়ন ⓒ PDF Credit : 𝐀𝐝𝐦𝐢𝐬𝐬𝐢𝐨𝐧 𝐒𝐭𝐮𝐟𝐟𝐬 HSC & Admission প্রস্তুতির জন্য Prostuti App-এ পাবে Chap,PDF,https://t.me/hscfreepdf/1796,1796,1796,@HSCStuffs_Acs HSC 27 Chemistry Cycle Book 2.pdf
2026-08-17,"✨ACS HSC 27 - Chemistry Cycle 1 Book✨ 🌟 𝐄𝐝𝐢𝐭𝐢𝐨𝐧 : HSC 2027 📖 রসায়ন সাইকেল বুক ১ 🏷 ল্যাবরেটরির নিরাপদ ব্যবহার এবং গুণগত রসায়ন ⓒ PDF Credit : 𝐀𝐝𝐦𝐢𝐬𝐬𝐢𝐨𝐧 𝐒𝐭𝐮𝐟𝐟𝐬 HSC & Admission প্রস্তুতির জন্য Prostuti App-এ পাবে Chapter-wise Practice, Questio",PDF,https://t.me/hscfreepdf/1794,1794,1794,@HSCStuffs_Acs HSC 27 Chemistry Cycle Book 1.pdf
2026-08-16,জোবায়ের জিকে ২০২৬-২৭ PDF অ্যাডমিশন টেস্টের প্রতিযোগিতায় নিজেকে এগিয়ে রাখতে ব্যবহার করো Prostuti App: web.prostuti.bd @prostutibd PDF Credit: Educational Blog,PDF,https://t.me/hscfreepdf/1792,1792,1792,Jubayer's gk.pdf
2026-08-15,জয়কলি এক্সাম ইংলিশ ২০২৬-২৭ পিডিএফ অ্যাডমিশন টেস্টের প্রতিযোগিতায় নিজেকে এগিয়ে রাখতে ব্যবহার করো Prostuti App: web.prostuti.bd @prostutibd PDF Credit: Educational Blog,PDF,https://t.me/hscfreepdf/1791,1791,1791,জয়কলি এক্সাম ইংলিশ.pdf
2026-08-15,জয়কলি বাংলা বিচিত্রা ২০২৬-২৭ পিডিএফ অ্যাডমিশন টেস্টের প্রতিযোগিতায় নিজেকে এগিয়ে রাখতে ব্যবহার করো Prostuti App: web.prostuti.bd @prostutibd PDF Credit: Educational Blog,PDF,https://t.me/hscfreepdf/1790,1790,1790,বাংলা_বিচিত্রা_নিউ_এডিশন_২০২৬_.pdf
2026-08-15,জয়কলি বায়োলজি বিচিত্রা ২০২৬-২৭ পিডিএফ অ্যাডমিশন টেস্টের প্রতিযোগিতায় নিজেকে এগিয়ে রাখতে ব্যবহার করো Prostuti App: web.prostuti.bd @prostutibd PDF Credit: Educational Blog,PDF,https://t.me/hscfreepdf/1789,1789,1789,জয়কলি_বায়োলজি_বিচিত্রা_২০২৬_২৭.pdf
2026-08-15,জয়কলি গনিত বিচিত্রা ২০২৬-২৭ পিডিএফ অ্যাডমিশন টেস্টের প্রতিযোগিতায় নিজেকে এগিয়ে রাখতে ব্যবহার করো Prostuti App: web.prostuti.bd @prostutibd PDF Credit: Educational Blog,PDF,https://t.me/hscfreepdf/1788,1788,1788,জয়কলি_গনিত_বিচিত্রা_২০২৬_২৭.pdf
2026-08-15,জয়কলি রসায়ন বিচিত্রা ২০২৬-২৭ পিডিএফ অ্যাডমিশন টেস্টের প্রতিযোগিতায় নিজেকে এগিয়ে রাখতে ব্যবহার করো Prostuti App: web.prostuti.bd @prostutibd PDF Credit: Educational Blog,PDF,https://t.me/hscfreepdf/1787,1787,1787,জয়কলি রসায়ন বিচিত্রা .pdf
2026-08-15,জয়কলি পদার্থ বিচিত্রা ২০২৬-২৭ পিডিএফ অ্যাডমিশন টেস্টের প্রতিযোগিতায় নিজেকে এগিয়ে রাখতে ব্যবহার করো Prostuti App: web.prostuti.bd @prostutibd PDF Credit: Educational Blog,PDF,https://t.me/hscfreepdf/1786,1786,1786,জয়কলি_পদার্থ_বিচিত্রা_২০২৬_২৭.pdf
2026-08-15,"গত বছর আমিও তোমার মতো অবস্থানে ছিলাম। উদ্ভাসে ভর্তি হয়েছি ২০ হাজার টাকায়। ওদের বই গুলো সেরা হলেও অফলাইন ক্লাস একেবারে ট্র‍্যাশ।একদম বেসিক জিনিস পড়ায়, সেগুলো পড়ে আসলে প্রশ্ন ব্যাংক সলভ করা যায় না। যখন ই কেউ প্রশ্ন ব্যাংক ধরতে যায়, সলভ করতে প",Text,https://t.me/hscfreepdf/1785,1785,1785,
2026-08-15,"জয়কলি বিচিত্রা ২০২৬-২৭ পিডিএফ লাগবে? React দাও, আসছে! অ্যাডমিশন টেস্টের প্রতিযোগিতায় নিজেকে এগিয়ে রাখতে ব্যবহার করো Prostuti App: web.prostuti.bd",Image,https://t.me/hscfreepdf/1784,1784,1784,
2026-08-14,"Prostuti-তে আজ থেকে ২০ আগস্ট পর্যন্ত সব কিছু ফ্রি। গত এক মাসে Medical, Engineering আর Varsity-র পুরো Content যুক্ত হয়েছে। এখন ব্যবহার করে দেখো, তারপর সিদ্ধান্ত নাও Premium তোমার জন্য worth it কি না।।। যা পাবে: Chapter-wise Practice, Custom",Image,https://t.me/hscfreepdf/1783,1783,1783,
2026-08-14,উন্মেষ_সাধারণ_জ্ঞান_আন্তর্জাতিক_বিষয়াবলি_ অ্যাডমিশন টেস্টের প্রতিযোগিতায় নিজেকে এগিয়ে রাখতে ব্যবহার করো Prostuti App: web.prostuti.bd @prostutibd PDF Credit: Educational Blog,PDF,https://t.me/hscfreepdf/1782,1782,1782,উন্মেষ_সাধারণ_জ্ঞান_আন্তর্জাতিক_বিষয়াবলি_.pdf
2026-08-14,উদ্ভাস ভার্সিটি 'ক' প্রিপারেশন বুক ২০২৬-২৭ ভার্সিটি ক প্রিপারেশন বুক প্রানীবিজ্ঞান PDF অ্যাডমিশন টেস্টের প্রতিযোগিতায় নিজেকে এগিয়ে রাখতে ব্যবহার করো Prostuti App: web.prostuti.bd @prostutibd PDF Credit: Educational Blog,PDF,https://t.me/hscfreepdf/1781,1781,1781,ভার্সিটি_ক_প্রিপারেশন_বুক_প্রানীবিজ্ঞান_.pdf
2026-08-14,উদ্ভাস ভার্সিটি 'ক' প্রিপারেশন বুক ২০২৬-২৭ ভার্সিটি ক প্রিপারেশন বুক উদ্ভিদবিজ্ঞান PDF অ্যাডমিশন টেস্টের প্রতিযোগিতায় নিজেকে এগিয়ে রাখতে ব্যবহার করো Prostuti App: web.prostuti.bd @prostutibd PDF Credit: Educational Blog,PDF,https://t.me/hscfreepdf/1780,1780,1780,ভার্সিটি_ক_প্রিপারেশন_বুক_উদ্ভিদবিজ্ঞান.pdf
2026-08-12,উদ্ভাস ভার্সিটি 'ক' প্রিপারেশন বুক ২০২৬-২৭ -উচ্চতর গণিত ২য় পত্র PDF অ্যাডমিশন টেস্টের প্রতিযোগিতায় নিজেকে এগিয়ে রাখতে ব্যবহার করো Prostuti App: web.prostuti.bd @prostutibd PDF Credit: Educational Blog,PDF,https://t.me/hscfreepdf/1779,1779,1779,ভার্সিটি_ক_প্রিপারেশন_বুক_উচ্চতর_গণিত_২য়_পত্র.pdf
2026-08-12,উদ্ভাস ভার্সিটি 'ক' প্রিপারেশন বুক ২০২৬-২৭ -উচ্চতর গণিত ১ম পত্র PDF অ্যাডমিশন টেস্টের প্রতিযোগিতায় নিজেকে এগিয়ে রাখতে ব্যবহার করো Prostuti App: web.prostuti.bd @prostutibd PDF Credit: Educational Blog,PDF,https://t.me/hscfreepdf/1778,1778,1778,ভার্সিটি_ক_প্রিপারেশন_বুক_উচ্চতর_গণিত_১ম.pdf
2026-08-12,উদ্ভাস ভার্সিটি 'ক' প্রিপারেশন বুক ২০২৬-২৭ -রসায়ন ২য় পত্র PDF অ্যাডমিশন টেস্টের প্রতিযোগিতায় নিজেকে এগিয়ে রাখতে ব্যবহার করো Prostuti App: web.prostuti.bd @prostutibd PDF Credit: Educational Blog,PDF,https://t.me/hscfreepdf/1777,1777,1777,ভার্সিটি_ক_প্রিপারেশন_বুক_রসায়ন_২য়_পত্র.pdf
2026-08-12,উদ্ভাস ভার্সিটি 'ক' প্রিপারেশন বুক ২০২৬-২৭ -রসায়ন ১ম পত্র PDF অ্যাডমিশন টেস্টের প্রতিযোগিতায় নিজেকে এগিয়ে রাখতে ব্যবহার করো Prostuti App: web.prostuti.bd @prostutibd PDF Credit: Educational Blog,PDF,https://t.me/hscfreepdf/1776,1776,1776,ভার্সিটি_ক_প্রিপারেশন_বুক_রসায়ন_১ম_পত্র.pdf
2026-08-12,উদ্ভাস ভার্সিটি 'ক' প্রিপারেশন বুক ২০২৬-২৭ -পদার্থবিজ্ঞান ২য় পত্র PDF অ্যাডমিশন টেস্টের প্রতিযোগিতায় নিজেকে এগিয়ে রাখতে ব্যবহার করো Prostuti App: web.prostuti.bd @prostutibd PDF Credit: Educational Blog,PDF,https://t.me/hscfreepdf/1775,1775,1775,ভার্সিটি_ক_প্রিপারেশন_বুক_পদার্থবিজ্ঞান_২য়.pdf
2026-08-12,উদ্ভাস ভার্সিটি 'ক' প্রিপারেশন বুক ২০২৬-২৭ -পদার্থবিজ্ঞান ১ম পত্র PDF অ্যাডমিশন টেস্টের প্রতিযোগিতায় নিজেকে এগিয়ে রাখতে ব্যবহার করো Prostuti App: web.prostuti.bd @prostutibd PDF Credit: Educational Blog,PDF,https://t.me/hscfreepdf/1774,1774,1774,ভার্সিটি_ক_প্রিপারেশন_বুক_পদার্থবিজ্ঞান_১ম.pdf
2026-08-11,"উদ্ভাস ভার্সিটি ক প্রিপারেশন বুক ২০২৬-২৭ PDF লাগবে? React দাও, আসছে! অ্যাডমিশন টেস্টের প্রতিযোগিতায় নিজেকে এগিয়ে রাখতে ব্যবহার করো Prostuti App: web.prostuti.bd",Image,https://t.me/hscfreepdf/1773,1773,1773,
2026-08-11,উদ্ভাস ঢাবি ক প্রশ্নব্যাংক with Model Test 2026-2027 জয়কলি এক্সাম ইংলিশ ২০২৬-২৭ পিডিএফ অ্যাডমিশন টেস্টের প্রতিযোগিতায় নিজেকে এগিয়ে রাখতে ব্যবহার করো Prostuti App: web.prostuti.bd @prostutibd PDF Credit: Educational Blog,PDF,https://t.me/hscfreepdf/1772,1772,1772,ঢাবি_ক_প্রশ্নব্যাংক_with_Model_Test_2026_2027.pdf
2026-08-09,উন্মেষ মেডিকেল প্রশ্নব্যাংক – GK PDF 2026–2027 PDF Credit: Educational Blog,PDF,https://t.me/hscfreepdf/1771,1771,1771,Gk Medical Qu Bank.pdf
2026-08-09,উন্মেষ মেডিকেল প্রশ্নব্যাংক – English PDF 2026–2027 PDF Credit: Educational Blog,PDF,https://t.me/hscfreepdf/1770,1770,1770,English Medical Question Bank.pdf
2026-08-09,উন্মেষ মেডিকেল প্রশ্নব্যাংক – Biology PDF 2026–2027 PDF Credit: Educational Blog,PDF,https://t.me/hscfreepdf/1769,1769,1769,Biology Medical Question Bank.pdf
2026-08-09,উন্মেষ মেডিকেল প্রশ্নব্যাংক – Chemistry PDF 2026–2027 PDF Credit: Educational Blog,PDF,https://t.me/hscfreepdf/1768,1768,1768,মেডিকেল_প্রশ্নব্যাংক_রসায়ন_২০২৬_২৭.pdf
2026-08-09,উন্মেষ মেডিকেল প্রশ্নব্যাংক – Physics PDF 2026–2027. PDF Credit: Educational Blog,PDF,https://t.me/hscfreepdf/1767,1767,1767,মেডিকেল_প্রশ্নব্যাংক_পদার্থবিজ্ঞান_2026_27.pdf
2026-08-09,"মেডিকেল প্রশ্নব্যাংক লাগবে? React দাও, আসছে!",Image,https://t.me/hscfreepdf/1766,1766,1766,
2026-08-08,Telegram Image,Image,https://t.me/hscfreepdf/1765,1765,1765,
2026-08-08,Telegram Image,Image,https://t.me/hscfreepdf/1764,1764,1764,
2026-08-08,Telegram Image,Image,https://t.me/hscfreepdf/1763,1763,1763,
2026-08-08,Telegram Image,Image,https://t.me/hscfreepdf/1762,1762,1762,
2026-08-08,Telegram Image,Image,https://t.me/hscfreepdf/1761,1761,1761,
2026-08-08,Telegram Image,Image,https://t.me/hscfreepdf/1760,1760,1760,
2026-08-08,Telegram Image,Image,https://t.me/hscfreepdf/1759,1759,1759,
2026-08-08,Telegram Image,Image,https://t.me/hscfreepdf/1758,1758,1758,
2026-08-08,স্থির তড়িৎ সম্পুর্ণ নোট। কনসেপ্ট+থিওরি Author : Sadia Akther Mim • বিভিন্ন সোর্স থেকে আমাদের করা নোটস কালেকশন গুলো পাবে এখানে (আপডেট চলমান),Image,https://t.me/hscfreepdf/1757,1757,1757,
2026-08-08,Telegram Image,Image,https://t.me/hscfreepdf/1756,1756,1756,
2026-08-08,Telegram Image,Image,https://t.me/hscfreepdf/1755,1755,1755,
2026-08-08,Short note Chapter: স্থির তড়িৎ Name:SUMAIYA TASNIM,Image,https://t.me/hscfreepdf/1754,1754,1754,
2026-08-05,"৭৯৯ টাকায় আর মাত্র ১ দিন, ৬ তারিখ রাত ১১:৫৯ পর্যন্ত। 📲 ভর্তি হতে WhatsApp:wa.me/+8801889849581 (তোমাকে ওয়েবসাইট এবং টেলিগ্রাম এর এক্সেস দিয়ে দেওয়া হবে)",Image,https://t.me/hscfreepdf/1753,1753,1753,
2026-08-04,Telegram Image,Image,https://t.me/hscfreepdf/1752,1752,1752,
2026-08-04,Telegram Image,Image,https://t.me/hscfreepdf/1751,1751,1751,
2026-08-04,Telegram Image,Image,https://t.me/hscfreepdf/1750,1750,1750,
2026-08-04,Telegram Image,Image,https://t.me/hscfreepdf/1749,1749,1749,
2026-08-04,Telegram Image,Image,https://t.me/hscfreepdf/1748,1748,1748,
2026-08-04,Telegram Image,Image,https://t.me/hscfreepdf/1747,1747,1747,
2026-08-04,Higher Math 2nd Paper Solution HSC 26 Join @prostutibd,Image,https://t.me/hscfreepdf/1746,1746,1746,
2026-08-03,Telegram Image,Image,https://t.me/hscfreepdf/1745,1745,1745,
2026-08-03,Telegram Image,Image,https://t.me/hscfreepdf/1744,1744,1744,
2026-08-03,Telegram Image,Image,https://t.me/hscfreepdf/1743,1743,1743,
2026-08-03,Telegram Image,Image,https://t.me/hscfreepdf/1742,1742,1742,
2026-08-03,"সেমিকন্ডাক্টর ও ইলেকট্রনিক্স Author : Nur Hushain (প্রত্যাবর্তন ৫.০) • বিভিন্ন সোর্স থেকে আমাদের করা নোটস কালেকশন গুলো পাবে এখানে (আপডেট চলমান) [ একই সাবজেক্ট এর বিভিন্ন নোটস ও শর্ট নোট থাকবে, বাছাই করে তোমার যেটা লাগবে ইউজ করবে ]",Image,https://t.me/hscfreepdf/1741,1741,1741,
2026-08-03,গত কয়েকদিন থেকে কোর্সের প্রোমোশন করছি। আমি বুঝলাম তোমরা আসলে মাস্টার প্রশ্ন ব্যাংক ই চেনো না। এডমিশন তোমরা অনেক হাবি জাবি বই পড়বা। কিন্তু এডমিশনের মূল পরীক্ষায় যেটি সবচেয়ে বেশি কাজ লাগবে সেটাই এই এডমিশন প্রশ্নব্যাংক।তোমরা তোমাদের আশেপাশের ক,Text,https://t.me/hscfreepdf/1740,1740,1740,
2026-08-02,উচ্চতর গণিত ২য় পত্র CQ সাজেশন শীট || HSC 26 ©️মাহির ভাইয়া Higher Math 2nd Paper CQ Suggestion 2026 PDF—> Link QPS Higher Math 2nd Paper 2026 PDF—> Link,PDF,https://t.me/hscfreepdf/1739,1739,1739,ilovepdf_merged-1.pdf
2026-08-02,ঢাকা বিশ্ববিদ্যালয়ের HSC 26 এর ভর্তি বিজ্ঞপ্তি এর সামারি আবেদন : ১১-২৫ নভেম্বর ক ইউনিটের পরীক্ষা ১২ ডিসেম্বর ২০২৬ ২১-২৪ SSC এবং ২৬ এ HSC পাশ হতে হবে।সেকেন্ড টাইম নেই। ক্লাস শুরু ২৮ মার্চ ২০২৭! ---------------------------------------- উদ্ভাস,PDF,https://t.me/hscfreepdf/1738,1738,"1737,1738",ভেক্টর_(Vector)_0802.pdf
2026-08-02,ঢাকা বিশ্ববিদ্যালয়ের HSC 26 এর ভর্তি বিজ্ঞপ্তি এর সামারি আবেদন : ১১-২৫ নভেম্বর ক ইউনিটের পরীক্ষা ১২ ডিসেম্বর ২০২৬ ২১-২৪ SSC এবং ২৬ এ HSC পাশ হতে হবে।সেকেন্ড টাইম নেই। ক্লাস শুরু ২৮ মার্চ ২০২৭! ---------------------------------------- উদ্ভাস,Text,https://t.me/hscfreepdf/1737,1737,1737,
2026-08-02,‘ব্যবসায় শিক্ষা ইউনিট’-এর জন্য জিপিএ-দ্বয়ের যোগফল ন্যূনতম ৭.৫ এবং আলাদাভাবে জিপিএ ৩.০ থাকতে হবে। তবে উচ্চ মাধ্যমিক ও মাদ্রাসা শিক্ষা বোর্ডের বিজ্ঞান ও মানবিক শাখার শিক্ষার্থীরাও এই ইউনিটে ভর্তির জন্য আবেদন করতে পারবে। সেক্ষেত্রে শিক্ষার্থীর,Text,https://t.me/hscfreepdf/1736,1736,1736,
2026-08-02,ঢাকা বিশ্ববিদ্যালয়ের ২৬-২৭ সেশন(HSC 26) বিজ্ঞপ্তি! আগামী ১১ নভেম্বর থেকে ঢাবি আন্ডারগ্র্যাজুয়েট প্রোগ্রামে ভর্তির আবেদন শুরু ঢাকা বিশ্ববিদ্যালয়ে ২০২৬-২০২৭ শিক্ষাবর্ষে আন্ডারগ্র্যাজুয়েট প্রোগ্রামে ভর্তির জন্য অনলাইনে আবেদন কার্যক্রম আগামী ১১,Text,https://t.me/hscfreepdf/1735,1735,1735,
2026-08-02,সৃজনশীল ৫(ক) এবং ৭ (খ) এই দুইটা প্রশ্নে ভুল আছে। ৫(ক) তে rhs এ cot^2(theta/2) হবে। ৭(খ) তে (2x-2)y1 হবে। এই দুইটা প্রশ্নে auto মার্ক দিবে। টেনশন কইরো না। ©️Avi Datta Tushar,Text,https://t.me/hscfreepdf/1734,1734,1734,
2026-08-02,Telegram Image,Image,https://t.me/hscfreepdf/1733,1733,1733,
2026-08-02,Telegram Image,Image,https://t.me/hscfreepdf/1732,1732,1732,
2026-08-02,Telegram Image,Image,https://t.me/hscfreepdf/1731,1731,1731,
2026-08-02,Telegram Image,Image,https://t.me/hscfreepdf/1730,1730,1730,
2026-08-02,Telegram Image,Image,https://t.me/hscfreepdf/1729,1729,1729,
2026-08-02,Higher Math 1st Paper Solution HSC 26 Join @prostutibd,Image,https://t.me/hscfreepdf/1728,1728,1728,
2026-08-01,উদ্ভাস ভার্সিটি 'ক' মাস্টার প্রশ্নব্যাংক ২০২৬–২০২৭ 🔵 Physics — পদার্থবিজ্ঞান ১ম পত্র | ২য় পত্র 🔴 Chemistry — রসায়ন ১ম পত্র | ২য় পত্র 🟦 Higher Math — উচ্চতর গণিত ১ম পত্র | ২য় পত্র 🟢 Biology — জীববিজ্ঞান ১ম পত্র | ২য় পত্র উদ্ভাস ভার্সিটি,Image,https://t.me/hscfreepdf/1727,1727,1727,
2026-08-01,📘 উচ্চতর গণিত ২য় পত্র — ভার্সিটি 'ক' প্রশ্নব্যাংক ২০২৬–২০২৭ সংস্করণ Higher Math 2nd Paper – University 'A' Question Bank পরবর্তী মেডিকেল প্রশ্নব্যাংক পেতে পোস্টটিতে রিঅ্যাক্ট দাও। চাইলে তোমার বন্ধুদের সাথেও শেয়ার করতে পারো। 📢 Join: @prost,PDF,https://t.me/hscfreepdf/1726,1726,1726,Merge CamScanner 01-08-2026 16.46 (1).pdf
2026-08-01,📘 উচ্চতর গণিত ১ম পত্র — ভার্সিটি 'ক' প্রশ্নব্যাংক ২০২৬–২০২৭ সংস্করণ Higher Math 1st Paper – University 'A' Question Bank পরবর্তী সাবজেক্টের প্রশ্নব্যাংক পেতে পোস্টটিতে রিঅ্যাক্ট দাও। চাইলে তোমার বন্ধুদের সাথেও শেয়ার করতে পারো। 📢 Join: @pro,PDF,https://t.me/hscfreepdf/1725,1725,1725,Merge CamScanner 31-07-2026 17.09 (1) (1).pdf
2026-07-30,HSC 26 Higher Math Suggestion Sheet ©️ACS Higher Math 1st Paper CQ Suggestion 2026 PDF—> Link Royal Quick Preparation Series - Higher Math 1st Paper—> Link,PDF,https://t.me/hscfreepdf/1724,1724,1724,hm1suggetion26.pdf
2026-07-30,"Alhamdulillah, উদ্ভাস ভার্সিটি ক-ইউনিট মাস্টার প্রশ্নব্যাংক সলভ কোর্স এর জন্যে নতুন গ্রাফিক্স ট্যাব নিয়ে আসলাম! আল্লাহ যেনো আমাদের নেক উদ্যেশ্য গুলো পূরণ করেন। ৬ তারিখ পর্যন্ত মাস্টার প্রশ্নব্যাংক সলভ কোর্স এ থাকছে ডিসকাউন্ট। ৬ তারিখের মধ্য",Image,https://t.me/hscfreepdf/1723,1723,1723,
2026-07-30,📘 জীববিজ্ঞান ২য় পত্র — ভার্সিটি ‘ক’ প্রশ্নব্যাংক ২০২৬–২০২৭ সংস্করণ Biology 2nd Paper – University ‘A’ Question Bank পরবর্তী সাবজেক্টের প্রশ্নব্যাংক পেতে পোস্টটিতে রিঅ্যাক্ট দাও। চাইলে তোমার বন্ধুদের সাথেও শেয়ার করতে পারো। 📢 Join: @prostutib,PDF,https://t.me/hscfreepdf/1722,1722,1722,Biology 2nd paper Varsity Master Qb (1) (1).pdf
2026-07-29,Telegram Image,Image,https://t.me/hscfreepdf/1721,1721,1721,
2026-07-29,Telegram Image,Image,https://t.me/hscfreepdf/1720,1720,1720,
2026-07-29,Telegram Image,Image,https://t.me/hscfreepdf/1719,1719,1719,
2026-07-29,Telegram Image,Image,https://t.me/hscfreepdf/1718,1718,1718,
2026-07-29,Telegram Image,Image,https://t.me/hscfreepdf/1717,1717,1717,
2026-07-29,Telegram Image,Image,https://t.me/hscfreepdf/1716,1716,1716,
2026-07-29,Telegram Image,Image,https://t.me/hscfreepdf/1715,1715,1715,
2026-07-29,Biology 2nd MCQ Solution 2026 @prostutibd,Image,https://t.me/hscfreepdf/1714,1714,1714,
2026-07-28,28-7-26 Varsity Master QB Biology 1st paper Added (1853 New MCQ) PROSTUTI অ্যাপে Varsity Master QB Biology 1st যুক্ত করা হয়েছে! ADMISSION 💥অনুশিলনী প্রায় ১২০০০+ প্রশ্নের ব্যাখ্যা সহ সমাধান টাইপ ওয়াইজ ভাবে সাজানো 🤖 প্রস্তুতি AI (Smart Assis,PDF,https://t.me/hscfreepdf/1712,1712,"1711,1712",Biology 2nd Paper_Do-or-Die.pdf
2026-07-28,28-7-26 Varsity Master QB Biology 1st paper Added (1853 New MCQ) PROSTUTI অ্যাপে Varsity Master QB Biology 1st যুক্ত করা হয়েছে! ADMISSION 💥অনুশিলনী প্রায় ১২০০০+ প্রশ্নের ব্যাখ্যা সহ সমাধান টাইপ ওয়াইজ ভাবে সাজানো 🤖 প্রস্তুতি AI (Smart Assis,Text,https://t.me/hscfreepdf/1711,1711,1711,
2026-07-27,Zoology Most Important lines Author HSC Station,PDF,https://t.me/hscfreepdf/1708,1708,1708,Zoology Most Important Lines2.pdf
2026-07-27,📘 জীববিজ্ঞান ১ম পত্র — ভার্সিটি ‘ক’ প্রশ্নব্যাংক ২০২৬–২০২৭ সংস্করণ Biology 1st Paper – University ‘A’ Question Bank ১০০ রিঅ্যাক্ট পূর্ণ হলেই পরবর্তী সাবজেক্টের PDF শেয়ার করা হবে। চাইলে তোমার বন্ধুদের সাথেও শেয়ার করতে পারো। 📢 Join: @prostuti,PDF,https://t.me/hscfreepdf/1706,1706,1706,Biology 1st Paper Varsity Master Qb (1) (1) (1).pdf
2026-07-27,Telegram Image,Image,https://t.me/hscfreepdf/1705,1705,1705,
2026-07-27,Telegram Image,Image,https://t.me/hscfreepdf/1704,1704,1704,
2026-07-27,Telegram Image,Image,https://t.me/hscfreepdf/1703,1703,1703,
2026-07-27,Telegram Image,Image,https://t.me/hscfreepdf/1702,1702,1702,
2026-07-27,Telegram Image,Image,https://t.me/hscfreepdf/1701,1701,1701,
2026-07-27,Telegram Image,Image,https://t.me/hscfreepdf/1700,1700,1700,
2026-07-27,Biology 1st Paper MCQ Solution 2026,Image,https://t.me/hscfreepdf/1699,1699,1699,
2026-07-25,📘 রসায়ন ২য় পত্র ভার্সিটি 'ক' প্রশ্নব্যাংক (২০২৬–২০২৭ সংস্করণ) Chemistry 2nd Paper – University 'A' Question Bank (2026–2027 Edition) ১০০ রিঅ্যাক্ট পূর্ণ হলেই পরবর্তী সাবজেক্টের PDF শেয়ার করা হবে। 🔗 https://t.me/hscfreepdf/1633 📢 Join: @pros,PDF,https://t.me/hscfreepdf/1698,1698,1698,chem02-1.pdf
2026-07-25,জয়কলি বুয়েট গণিত ২০২৬-২৭ PDF -Joykoly Buet Math PDF ©️Educationalblog Join @prostutibd,PDF,https://t.me/hscfreepdf/1697,1697,1697,বুয়েট_গণিত_১ম_ও_২য়_পত্র_২০২৬_২৭.pdf
2026-07-24,৪ আগস্ট ২০২৬ তোমাদের তোমাদের উচ্চতরগণিত দ্বিতীয় পত্র পরীক্ষার মাধ্যমে HSC পরীক্ষা শেষ হবে(বাকি থাকবে প্র‍্যাক্টিকেল তবে সেগুলো নিয়ে বেশি প্যারা নেওয়ার দরকার নেই। ঠিক একই দিনে ঢাবিতে আমারও ইনকোর্স এক্সাম শেষ হবে। তাই সেদিন থেকেই ইনশাল্লাহ তো,Text,https://t.me/hscfreepdf/1696,1696,1696,
2026-07-24,বুয়েট রসায়ন ১ম ও ২য় পত্র ২০২৬-২৭ - Joykoly Buet Chemistry Pdf (2026-2027) ©️Educationalblog,PDF,https://t.me/hscfreepdf/1695,1695,1695,বুয়েট_রসায়ন_১ম_ও_২য়_পত্র_২০২৬_২৭_1.pdf
2026-07-23,রসায়ন ১ম পত্র ভার্সিটি 'ক' প্রশ্নব্যাংক (২০২৬–২০২৭ সংস্করণ) ১০০ রিঅ্যাক্ট পূর্ণ হলেই পরবর্তী সাবজেক্টের PDF শেয়ার করা হবে। https://t.me/hscfreepdf/1633 Join @prostutibd,PDF,https://t.me/hscfreepdf/1694,1694,1694,Chemistry 1st paper Varsity Master Qb.pdf
2026-07-23,ONE SHOT BIOLOGY 1st paper NOTEBOOK Author: DR. ABRAR HAMIM Publisher : বন্দি পাঠশালা প্রকাশনী ©️ Excellence HSC Zone,PDF,https://t.me/hscfreepdf/1692,1692,1692,Botany hamim vai.pdf
2026-07-23,"Prostuti App — তোমার সাফল্যের স্মার্ট সঙ্গী • ডিজিটাল HSC টেস্ট পেপার • বিগত বছরের প্রশ্ন ও বিস্তারিত সমাধান • দ্রুত MCQ ও CQ প্র্যাক্টিস সিস্টেম • অধ্যায় ও টাইপভিত্তিক CQ (Chapter & Type-wise) • সকল বিষয়ের জ্ঞান, অনুধাবন ও ব্যাখ্যাসহ উত্তর",APK,https://t.me/hscfreepdf/1691,1691,1691,prostuti_v1.0.6_arm64_v8a.apk
2026-07-23,জয়কলি বুয়েট পদার্থবিজ্ঞান ২০২৬-২৭ PDF -Joykoly Buet Physics PDF ©️educationalblog,PDF,https://t.me/hscfreepdf/1689,1689,1689,বুয়েট_পদার্থ_১ম_ও_২য়_২০২৬_২৭_1.pdf
2026-07-22,পদার্থবিজ্ঞান ২য় পত্র ভার্সিটি 'ক' প্রশ্নব্যাংক (২০২৬–২০২৭ সংস্করণ) ১০০ রিঅ্যাক্ট পূর্ণ হলেই পরবর্তী সাবজেক্টের PDF শেয়ার করা হবে। https://t.me/hscfreepdf/1633 Join @prostutibd,PDF,https://t.me/hscfreepdf/1688,1688,1688,Physics 2nd Varsity Master Qb.pdf (1) (1).pdf
2026-07-22,HSC Biology 2nd Paper এর প্রতিটি চ্যাপ্টারের গুরুত্বপূর্ণ CQ ও নমুনা উত্তর Author Biology Lovers,PDF,https://t.me/hscfreepdf/1687,1687,1687,Zoology CQ.pdf
2026-07-22,ভার্সিটি 'ক' প্রশ্নব্যাংক লাগবে না? এখনও ১০০ রিঅ্যাক্টও হয়নি!,PDF,https://t.me/hscfreepdf/1686,1686,"1685,1686",Zoology Top 400+ MCQ.pdf
2026-07-22,ভার্সিটি 'ক' প্রশ্নব্যাংক লাগবে না? এখনও ১০০ রিঅ্যাক্টও হয়নি!,Text,https://t.me/hscfreepdf/1685,1685,1685,
2026-07-22,Telegram Image,Image,https://t.me/hscfreepdf/1684,1684,1684,
2026-07-22,Telegram Image,Image,https://t.me/hscfreepdf/1683,1683,1683,
2026-07-22,Telegram Image,Image,https://t.me/hscfreepdf/1682,1682,1682,
2026-07-22,Telegram Image,Image,https://t.me/hscfreepdf/1681,1681,1681,
2026-07-22,Telegram Image,Image,https://t.me/hscfreepdf/1680,1680,1680,
2026-07-22,Telegram Image,Image,https://t.me/hscfreepdf/1679,1679,1679,
2026-07-22,Chemistry 2nd Paper MCQ Solution @prostutibd,Image,https://t.me/hscfreepdf/1678,1678,1678,
2026-07-21,রসায়ন ২য় পত্র ফাইনাল সাজেশন 10 MS,PDF,https://t.me/hscfreepdf/1677,1677,1677,Chemistry 2nd Paper_HSC 26_Final Revision Suggestion_Free.pdf
2026-07-21,"আচ্ছা, গ্রুপে কোর্সের প্রোমোশন করার জন্যে কয়েকটি পোষ্ট দিয়েছি।কেউ বিরক্ত হয়ে থাকলে আমি সরি! ওই প্রোমোশন শেষ এবং কাল থেকে আবার ৯৯৯ টাকায় অফার চলবে। যেটা শেষ HSC পরীক্ষা, ম্যাথ দ্বিতীয় পত্র পর্যন্ত কার্যকর থাকবে। এবং কাল থেকে চ্যানেলে নিয়মিত ",PDF,https://t.me/hscfreepdf/1676,1676,"1675,1676",5_6258223235280674627 (2)-1.pdf
2026-07-21,"আচ্ছা, গ্রুপে কোর্সের প্রোমোশন করার জন্যে কয়েকটি পোষ্ট দিয়েছি।কেউ বিরক্ত হয়ে থাকলে আমি সরি! ওই প্রোমোশন শেষ এবং কাল থেকে আবার ৯৯৯ টাকায় অফার চলবে। যেটা শেষ HSC পরীক্ষা, ম্যাথ দ্বিতীয় পত্র পর্যন্ত কার্যকর থাকবে। এবং কাল থেকে চ্যানেলে নিয়মিত ",Text,https://t.me/hscfreepdf/1675,1675,1675,
2026-07-20,সময় কিন্তু আজ রাত ১২ টা পর্যন্ত! এর পরে আর এই প্রাইজ থাকবে না কখনোই! 01889849581 এই বিকাশ নাম্বারে ৭৯৯ টাকা সেন্ড মানি করে আমাদের Whatsapp এ ম্যাসেজ দিলেই সব এক্সেস দেওয়া হবে।,PDF,https://t.me/hscfreepdf/1673,1673,"1671,1673","HSC 26 (ক,খ) 2nd paper Full By Biddarthi [Milton Vai].pdf"
2026-07-20,সময় কিন্তু আজ রাত ১২ টা পর্যন্ত! এর পরে আর এই প্রাইজ থাকবে না কখনোই! 01889849581 এই বিকাশ নাম্বারে ৭৯৯ টাকা সেন্ড মানি করে আমাদের Whatsapp এ ম্যাসেজ দিলেই সব এক্সেস দেওয়া হবে।,Text,https://t.me/hscfreepdf/1671,1671,1671,
2026-07-19,Telegram Image,Image,https://t.me/hscfreepdf/1670,1670,1670,
2026-07-19,SPECIAl DISCOUNT উদ্ভাস ভার্সিটি ক প্রশ্ন ব্যাংক সমাধান কোর্স যারা কাল রাত ১২ টার আগে নিবে তাদের জন্যে প্রথম এবং শেষ বারে মতো একটি ডিসকাউন্ট থাকছে। উদ্ভাস ভার্সিটি ক মাস্টার প্রশ্ন ব্যাংক সলভ কোর্স এর কোর্স ফি ৯৯৯ টাকার পরিবর্তে ৭৯৯ টাকা।(য,Image,https://t.me/hscfreepdf/1669,1669,"1667,1669",
2026-07-19,কোনো জিজ্ঞাসা থাকলে whatsapp বা @ProstutiMQBbot এই টেলিগ্রাম বটে জানাও।,Text,https://t.me/hscfreepdf/1668,1668,1668,
2026-07-19,SPECIAl DISCOUNT উদ্ভাস ভার্সিটি ক প্রশ্ন ব্যাংক সমাধান কোর্স যারা কাল রাত ১২ টার আগে নিবে তাদের জন্যে প্রথম এবং শেষ বারে মতো একটি ডিসকাউন্ট থাকছে। উদ্ভাস ভার্সিটি ক মাস্টার প্রশ্ন ব্যাংক সলভ কোর্স এর কোর্স ফি ৯৯৯ টাকার পরিবর্তে ৭৯৯ টাকা।(য,Text,https://t.me/hscfreepdf/1667,1667,1667,
2026-07-19,Telegram Image,Image,https://t.me/hscfreepdf/1665,1665,1665,
2026-07-19,Telegram Image,Image,https://t.me/hscfreepdf/1664,1664,1664,
2026-07-19,Telegram Image,Image,https://t.me/hscfreepdf/1663,1663,1663,
2026-07-19,Telegram Image,Image,https://t.me/hscfreepdf/1662,1662,1662,
2026-07-19,Telegram Image,Image,https://t.me/hscfreepdf/1661,1661,1661,
2026-07-19,Telegram Image,Image,https://t.me/hscfreepdf/1660,1660,1660,
2026-07-19,Telegram Image,Image,https://t.me/hscfreepdf/1659,1659,1659,
2026-07-19,Chemistry 1st Paper MCQ Solution 2026,Image,https://t.me/hscfreepdf/1658,1658,1658,
2026-07-17,"আমাদের ক্লাসগুলো উদ্ভাসের রুটিন অনুসরণ করেই পরিচালিত হবে। তবে গাইডলাইন ও মেন্টরশিপ শুরু হবে তোমার ভর্তি হওয়ার দিন থেকেই। এখনই ভর্তি হলে, এখন থেকেই কীভাবে পরিকল্পিতভাবে এগোবে, কীভাবে শুরু থেকেই আত্মবিশ্বাসের সাথে ভর্তি পরীক্ষার প্রস্তুতি নেব",Text,https://t.me/hscfreepdf/1656,1656,1656,
2026-07-17,"🎯 উদ্ভাস ভার্সিটি ক-ইউনিট মাস্টার প্রশ্নব্যাংক সলভ কোর্স 👨‍🏫 Instructor Saruar Abedin — Pharmacy, University of Dhaka Rakib Sarker — CSE, University of Dhaka 📚 Subjects Physics Chemistry Mathematics বায়োলজিতে কিভাবে পড়লে মুখস্থ হবে, written",Image,https://t.me/hscfreepdf/1655,1655,1655,
2026-07-16,"HSC 26 (ক,খ)SQ 1st paper Full By Biddarthi [Milton Sir]",PDF,https://t.me/hscfreepdf/1654,1654,1654,"HSC_26_ক,খSQ_1st_paper_Full_By_Biddarthi_Milton_Sir_1_1.pdf"
2026-07-16,রসায়ন প্রথম পত্র MCQ সাজেশন,PDF,https://t.me/hscfreepdf/1653,1653,1653,রসায়ন_প্রথম_পত্র_MCQ_সাজেশন_1.pdf
2026-07-16,টপিক: রসায়ন ১ম পত্র: ফাইনাল মডেল টেস্ট 01 Total MCQs: 25 Quality: Board Standard—> Link টপিক: রসায়ন ১ম পত্র ফাইনাল মডেল টেস্ট 02 Total MCQs: 25 Quality: Board Standard—> Link টপিক: রসায়ন ১ম পত্র ফাইনাল মডেল টেস্ট 03 Total MCQs: 25 Quality:,Media,https://t.me/hscfreepdf/1652,1652,1652,
2026-07-16,HSC '26 রসায়ন ১ম পত্র ফাইনাল সাজেশন 10MS,PDF,https://t.me/hscfreepdf/1651,1651,1651,HSC FRL Suggestion Chemistry 1st Paper Free.pdf
2026-07-15,"আগের পোষ্ট: https://t.me/hscfreepdf/1631 প্রিয় HSC ২৬ ব্যাচের শিক্ষার্থীরা, তোমরা এখন HSC পরীক্ষার মাঝামাঝি সময়ে রয়েছো। বিজ্ঞান বিভাগের আরও কয়েকটি পরীক্ষা বাকি আছে। দেখতে দেখতে সেগুলোও শেষ হয়ে যাবে। এরপরই শুরু হবে জীবনের সবচেয়ে গুরুত্বপূর্ণ",Text,https://t.me/hscfreepdf/1650,1650,1650,
2026-07-15,Telegram Image,Image,https://t.me/hscfreepdf/1649,1649,1649,
2026-07-15,Telegram Image,Image,https://t.me/hscfreepdf/1648,1648,1648,
2026-07-15,Telegram Image,Image,https://t.me/hscfreepdf/1647,1647,1647,
2026-07-15,Telegram Image,Image,https://t.me/hscfreepdf/1646,1646,1646,
2026-07-15,Telegram Image,Image,https://t.me/hscfreepdf/1645,1645,1645,
2026-07-15,Telegram Image,Image,https://t.me/hscfreepdf/1644,1644,1644,
2026-07-15,পদার্থবিজ্ঞান ২য় পত্র MCQ সমাধান,Image,https://t.me/hscfreepdf/1643,1643,1643,
2026-07-14,"১৩ জুলাই অনুষ্ঠিত HSC পরীক্ষাগুলো আবার হবে যারা মিস করেছে তাদের -শিক্ষামন্ত্রী -Rajib Ahmod Journalist, Somokal",Image,https://t.me/hscfreepdf/1642,1642,1642,
2026-07-13,Good News! Hsc 2026 পদার্থবিজ্ঞানের ৬ ও ৭ দুটি প্রশ্নে পুরো নম্বর দেওয়া হবে,Image,https://t.me/hscfreepdf/1641,1641,1641,
2026-07-13,Accounting 2nd Paper_HSC 26_Final Revision Suggestion,PDF,https://t.me/hscfreepdf/1640,1640,1640,Accounting 2nd Paper_HSC 26_Final Revision Suggestion_Free.pdf
2026-07-13,Physics 2nd Paper Suggestions by 10 Minute School,PDF,https://t.me/hscfreepdf/1639,1639,1639,Physics 2nd Paper_HSC 26_Final Revision Suggestion_Free.pdf
2026-07-13,Telegram Image,Image,https://t.me/hscfreepdf/1638,1638,1638,
2026-07-13,Telegram Image,Image,https://t.me/hscfreepdf/1637,1637,1637,
2026-07-13,Telegram Image,Image,https://t.me/hscfreepdf/1636,1636,1636,
2026-07-13,Telegram Image,Image,https://t.me/hscfreepdf/1635,1635,1635,
2026-07-13,"HSC 2026, Physics 1st Paper Board Question : CQ Solve দেখে নাও ✅",Image,https://t.me/hscfreepdf/1634,1634,1634,
2026-07-13,PDF চাইলে এই পোস্টে ২০০টা রিঅ্যাকশন পূর্ণ করে ফেলো। ২০০ React হলেই @prostutibd Channel এ PDF শেয়ার করব। must Join @prostutibd,Image,https://t.me/hscfreepdf/1633,1633,1633,
2026-07-13,পদার্থবিজ্ঞান ১ম পত্র মূল প্রশ্ন এবং সমাধান https://t.me/prostutibd/174,PDF,https://t.me/hscfreepdf/1632,1632,1632,Physics_1st_Paper_MCQ_Solutions.pdf
2026-07-13,"🎯 উদ্ভাস ভার্সিটি ক-ইউনিট মাস্টার প্রশ্নব্যাংক সলভ কোর্স এডমিশনে মাস্টার প্রশ্ন ব্যাংক সলভের গুরত্ব আশা করি তোমরা সবাই জানো, না জানলেও কয়েকদিনের মধ্যে জেনে যাবে। তোমাদের জার্নি সহজ করতে এবং ভালো ফলাফল এ সহজ করতে আমি সারোয়ার আবেদীন(Pharmacy ",Image,https://t.me/hscfreepdf/1631,1631,1631,
2026-07-12,টপিক: Logic 1st Paper: Model Test 1 Total MCQs: 30 Quality: Board Standard ---https://t.me/c/4493103381/740 টপিক: Logic 1st Paper: Model Test 2 Total MCQs: 30 Quality: Board Standard ---https://t.me/prostutihsc/3269 টপিক: Logic 1st Paper: M,Media,https://t.me/hscfreepdf/1630,1630,1630,
2026-07-11,টপিক: Accounting 1st Paper: Model Test 1 Total MCQs: 30 Quality: Board Standard Link---Link টপিক: Accounting 1st Paper: Model Test 2 Total MCQs: 30 Quality: Board Standard--->Link,Media,https://t.me/hscfreepdf/1629,1629,1629,
2026-07-11,টপিক: Physics 1st Paper: Model Test 01 Total MCQs: 25 Quality: Board Standard—> Link টপিক: Physics 1st Paper: Model Test 2 Total MCQs: 25 Quality: Board Standard--> Link React for more poll টপিক: Physics 1st Paper: Model Test Total MCQs: 25,Media,https://t.me/hscfreepdf/1628,1628,1628,
2026-07-11,"one shot ক্লাস করবে কি করবে না সেটা তোমার উপর নির্ভর করে। অনেকে আছে যারা বই পড়েনি/হাতে করেনি one shot ক্লাস করেই রিভিশন এবং এক্সাম দিয়েছে।তাদের রিভিশন ম্যাটেরিয়াল ও বানানো নেই, নিজের জন্যে। তাদের জন্যে উপদেশ থাকবে তোমরা one shot ক্লাস করতে ",PDF,https://t.me/hscfreepdf/1627,1627,"1625,1627",HSC 26 suggestion.pdf
2026-07-11,"one shot ক্লাস করবে কি করবে না সেটা তোমার উপর নির্ভর করে। অনেকে আছে যারা বই পড়েনি/হাতে করেনি one shot ক্লাস করেই রিভিশন এবং এক্সাম দিয়েছে।তাদের রিভিশন ম্যাটেরিয়াল ও বানানো নেই, নিজের জন্যে। তাদের জন্যে উপদেশ থাকবে তোমরা one shot ক্লাস করতে ",Text,https://t.me/hscfreepdf/1625,1625,1625,
2026-07-11,চট্টগ্রাম শিক্ষাবোর্ডে ১৬ জুলাই পর্যন্ত এইচএসসি পরীক্ষা স্থগিত।,Image,https://t.me/hscfreepdf/1624,1624,1624,
2026-07-11,HSC 26 হিসাববিজ্ঞান প্রথম পত্রের সুপার সাজেশন New Commerce Coaching Center,PDF,https://t.me/hscfreepdf/1623,1623,1623,১ম পত্র সাজেশন.pdf
2026-07-11,HSC 26 ফাইনাল সাজেশন পদার্থবিজ্ঞান ১ম পত্র 10 MS পোল সল্ভ করতে জয়েন করো: @prostutihsc,PDF,https://t.me/hscfreepdf/1622,1622,1622,HSC26_পদার্থবিজ্ঞান_১ম_পত্র_সাজেশন.pdf
2026-07-11,Telegram Image,Image,https://t.me/hscfreepdf/1621,1621,1621,
2026-07-11,Telegram Image,Image,https://t.me/hscfreepdf/1620,1620,1620,
2026-07-11,Telegram Image,Image,https://t.me/hscfreepdf/1619,1619,1619,
2026-07-11,Telegram Image,Image,https://t.me/hscfreepdf/1618,1618,1618,
2026-07-11,Telegram Image,Image,https://t.me/hscfreepdf/1617,1617,1617,
2026-07-11,Telegram Image,Image,https://t.me/hscfreepdf/1616,1616,1616,
2026-07-11,Telegram Image,Image,https://t.me/hscfreepdf/1615,1615,1615,
2026-07-11,ICT Question Solve @prostutibd,Image,https://t.me/hscfreepdf/1614,1614,1614,
2026-07-10,"আমাদের এখানে আসলে সবার ইগো অনেক বেশি।সবাই DU ফার্মা ক্র‍্যাক করছে।কেউ কাওকে মানে না! সবাই Elon Musk অথবা Alice Walton!🥀 Study Pharmacy, 6 digit + and fly to america শুনে আসছে সবাই এখানে! আমার ধারণা আরো সময় লাগবে আমাদের সবাইকে বুঝতে! (বুয়েট ",Image,https://t.me/hscfreepdf/1613,1613,1613,
2026-07-10,"সংবাদ অনুযায়ী, সবার আগে ভর্তি পরীক্ষা নিবে ঢাবি। তুমি নিজে খুজে খুজে সঠিক রিটেন প্র‍্যাক্টিস প্র‍্যাবলম বের করতে গেলে হতাশ হয়ে যাবে।এবং তোমার জানাও নেই ঢাবি কেমন স্ট্যান্ডার্ড এর প্রশ্ন করে।আবার বাজারে ঢাবি রিটেন ডেডিকেটেড কোনো স্ট্যান্ডার্",Image,https://t.me/hscfreepdf/1611,1611,1611,
2026-07-10,টপিক: ICT: Full Book Model Test 04 Total MCQs: 25 Quality: Board Standard Next Poll পেতে রিঅ্যাক্ট দাও-- Link 🔗,Media,https://t.me/hscfreepdf/1610,1610,1610,
2026-07-10,"এইচএসসি আইসিটি (চ্যাপ্টার ২, ৪, ৫, ৬) কম্প্যাক্ট রিভিশন নোটস ! --নোটে থাকছে: - সিকুয়েন্স অনুযায়ী টপিক - CQ উদ্দীপক ধরার ট্রিকস - ক/খ' এর কি-ওয়ার্ড ও ভিজ্যুয়ালস শেষ মুহূর্তের কুইক রিভিশনের জন্য বেস্ট রিসোর্স। Collected Siam Siraj Turjo (Hsc",PDF,https://t.me/hscfreepdf/1609,1609,1609,Database_Management_System_—_HSC_ICT_Chapter_6_Final_Revision_1.pdf
2026-07-10,HSC_ICT_Chapter5_Programming_Language_Revision,PDF,https://t.me/hscfreepdf/1608,1608,1608,HSC_ICT_Chapter5_Programming_Language_Revision.pdf
2026-07-10,ওয়েব ডিজাইন ও HTML — Final Revision,PDF,https://t.me/hscfreepdf/1607,1607,1607,ওয়েব_ডিজাইন_ও_HTML_—_Final_Revision.pdf
2026-07-10,ICT Chapter2 RevisionNote,PDF,https://t.me/hscfreepdf/1606,1606,1606,ICT Chapter2 RevisionNote.pdf
2026-07-09,টপিক: ICT: Full Book Model Test 03 Total MCQs: 25 Quality: Board Standard -- Link Next Poll পেতে রিঅ্যাক্ট দাও,Media,https://t.me/hscfreepdf/1605,1605,1605,
2026-07-09,টপিক: ICT: Full Book Model Test 02 Total MCQs: 25 Quality: Board Standard— Link,Media,https://t.me/hscfreepdf/1604,1604,1604,
2026-07-09,টপিক: ICT: Model Test Total MCQs: 25 Quality: Board Standard-- Link,Media,https://t.me/hscfreepdf/1603,1603,1603,
2026-07-08,একাদশ-দ্বাদশ শ্রেণির আইসিটি NCTB-এর মূল বই,PDF,https://t.me/hscfreepdf/1602,1602,1602,ICT Bangl Version 11-12 PDF All 06.10.25.pdf
2026-07-08,🔥 HSC ICT Final Suggestion | Pro With Swadhin 🔥 আইসিটিতে এ প্লাস (A+) নিশ্চিত করতে 'Pro With Swadhin'-এর এই সাজেশনে পাচ্ছ: • বিগত বছরের বোর্ড প্রশ্নের 'ক' ও 'খ' (অধ্যায়ভিত্তিক) • বাছাইকৃত সবচেয়ে গুরুত্বপূর্ণ MCQ • ৩য় অধ্যায়ের ম্যাথমেটিক্যাল,PDF,https://t.me/hscfreepdf/1600,1600,1600,৬ষ্ঠ অধ্যায়.pdf
2026-07-08,৫ম অধ্যায়,PDF,https://t.me/hscfreepdf/1599,1599,1599,৫ম অধ্যায়.pdf
2026-07-08,৪র্থ অধ্যায়,PDF,https://t.me/hscfreepdf/1598,1598,1598,৪র্থ অধ্যায়.pdf
2026-07-08,৩য় অধ্যায়,PDF,https://t.me/hscfreepdf/1597,1597,1597,৩য় অধ্যায়.pdf
2026-07-08,২য় অধ্যায়,PDF,https://t.me/hscfreepdf/1596,1596,1596,২য় অধ্যায়.pdf
2026-07-08,১ম অধ্যায়,PDF,https://t.me/hscfreepdf/1595,1595,1595,১ম অধ্যায়.pdf
2026-07-08,Telegram Image,Image,https://t.me/hscfreepdf/1594,1594,1594,
2026-07-08,Telegram Image,Image,https://t.me/hscfreepdf/1593,1593,1593,
2026-07-08,Telegram Image,Image,https://t.me/hscfreepdf/1592,1592,1592,
2026-07-08,Telegram Image,Image,https://t.me/hscfreepdf/1591,1591,1591,
2026-07-08,Telegram Image,Image,https://t.me/hscfreepdf/1590,1590,1590,
2026-07-08,English 2nd paper Questions Solution,Image,https://t.me/hscfreepdf/1589,1589,1589,
2026-07-07,"Post 1 আরেকটা কথা। আমি কিন্তু ঢাবি রিটেনে অস্বাভাবিক বেশি নাম্বার পেয়েছি।(ফিজিক্স বাদে, ,সময় ছিলো না) গত বছর অক্টবর থেকে আমি ঘাটাঘাটি করেছি।একটা রিটেন বই খুজে পাওয়ার জন্যে। দেখলাম একমাত্র QNA পাবলিকেশন ই রিটেন ডেডিকেটেড বই বানিয়েছে। আমি পুড়",Image,https://t.me/hscfreepdf/1587,1587,"1586,1587",
2026-07-07,"Post 1 আরেকটা কথা। আমি কিন্তু ঢাবি রিটেনে অস্বাভাবিক বেশি নাম্বার পেয়েছি।(ফিজিক্স বাদে, ,সময় ছিলো না) গত বছর অক্টবর থেকে আমি ঘাটাঘাটি করেছি।একটা রিটেন বই খুজে পাওয়ার জন্যে। দেখলাম একমাত্র QNA পাবলিকেশন ই রিটেন ডেডিকেটেড বই বানিয়েছে। আমি পুড়",Text,https://t.me/hscfreepdf/1586,1586,1586,
2026-07-07,আমি কিন্তু দেশের প্রায় সব বিশ্ববিদ্যালয়েই চান্স পেয়েছি।(যত গুলোতে দিয়েছি প্রায় সব গুলোতেই CSE/Pharmacy/Agri/DVM আসতো) আমার করা ভুল বা সঠিক কাজ গুলো সবই তোমাদের সাথে শেয়ার করবো।তুমি যাতে সঠিকভাবে এগোতে পারো আমি ইঞ্জি বিশ্ববিদ্যালয়ে পরিক্ষা দ,PDF,https://t.me/hscfreepdf/1585,1585,"1584,1585",bangla1stcqsolutionprostuti (1).pdf
2026-07-07,আমি কিন্তু দেশের প্রায় সব বিশ্ববিদ্যালয়েই চান্স পেয়েছি।(যত গুলোতে দিয়েছি প্রায় সব গুলোতেই CSE/Pharmacy/Agri/DVM আসতো) আমার করা ভুল বা সঠিক কাজ গুলো সবই তোমাদের সাথে শেয়ার করবো।তুমি যাতে সঠিকভাবে এগোতে পারো আমি ইঞ্জি বিশ্ববিদ্যালয়ে পরিক্ষা দ,Text,https://t.me/hscfreepdf/1584,1584,1584,
2026-07-07,Admission এ তোমাদের ক্লাস/গাইডলাইন ইত্যাদি নানা ভাবে সাপোর্ট দেওয়ার জন্যে ল্যাপটপ নিয়ে আসলাম! Something helpful is coming!,Image,https://t.me/hscfreepdf/1583,1583,1583,
2026-07-07,"English 2nd Paper-এ A+ নিশ্চিত করতে চাও? তাহলে Grammar প্র্যাকটিসের কোনো বিকল্প নেই! তোমাদের জন্য Articles, Prepositions, Phrases, Right Form of Verbs এবং Synonym/Antonym-এর ওপর বাছাই করা প্রশ্ন দিয়ে এক্সক্লুসিভ কুইজ সেট রেডি করা হয়েছে। প্র",Media,https://t.me/hscfreepdf/1582,1582,1582,
2026-07-07,✅ English 2nd Paper Exam - Format 🔺 Author: RTDS,PDF,https://t.me/hscfreepdf/1581,1581,1581,English 2nd Paper Format - RTDS.pdf
2026-07-07,✅ HSC 26 - English 2nd Paper Moharevision slide 🌟 Author: Bondi pathshala ©️ PDFMultiverse,PDF,https://t.me/hscfreepdf/1580,1580,1580,English 2nd Paper Moha revision - BP.pdf
2026-07-07,✅ HSC 26- English 2nd Paper final Suggestion 🌟 Author: 10MS,PDF,https://t.me/hscfreepdf/1579,1579,1579,English 2nd Paper Final Suggestion - 10MS.pdf
2026-07-07,✅ HSC 26- English 2nd Paper Subject review marathon class slide 🌟 Author: Udvash,PDF,https://t.me/hscfreepdf/1578,1578,1578,English 2nd Paper Subject Review - Udvash.pdf
2026-07-07,✅ HSC 26- English 2nd Paper final Suggestions 🌟 Author: Shikho,PDF,https://t.me/hscfreepdf/1577,1577,1577,English 2nd Paper Final Touch - Shikho.pdf
2026-07-06,HSC English 2nd Paper Suggestion 10MS @prostutibd,PDF,https://t.me/hscfreepdf/1576,1576,1576,🔥_English_2nd_paper_Suggestion_HSC26_edited_stamped_removed.pdf
2026-07-06,HSC English 2nd Paper Final Suggestion For Writing Part & Master Formats ©️@prostutibd,PDF,https://t.me/hscfreepdf/1575,1575,1575,Prostuti_English_2nd_Paper_Revised.pdf
2026-07-06,Telegram Image,Image,https://t.me/hscfreepdf/1574,1574,1574,
2026-07-06,Telegram Image,Image,https://t.me/hscfreepdf/1573,1573,1573,
2026-07-06,Telegram Image,Image,https://t.me/hscfreepdf/1572,1572,1572,
2026-07-06,"HSC 26, ইংরেজি প্রথম পত্র পরিক্ষা কেমন দিয়েছো? কমেন্ট সেকশন জানাতে পারো।আমি তোমাদের কোনো প্রশ্ন থাকলে উত্তর দেওয়ার চেষ্টা করবো(এই পরিক্ষা বা পরবর্তী পরিক্ষা সমন্ধে)। আর একটু পর ইংরেজি দ্বিতীয় পত্রের রিসোর্স গুলো দিবো ইনশাল্লাহ!",Image,https://t.me/hscfreepdf/1571,1571,1571,
2026-07-05,Seen Passage MCQ (Polls) @prostutihsc [Unit-01: Lesson-01(B)] — The Unforgettable History — Link [Unit-01: Lesson-02] — Artificial Intelligence (AI) / Education and Technology — Link [Unit-02: Lesson-02(B)] — Folk Music — Link [Unit-03: Les,Media,https://t.me/hscfreepdf/1566,1566,1566,
2026-07-04,Telegram Image,Image,https://t.me/hscfreepdf/1565,1565,1565,
2026-07-04,Telegram Image,Image,https://t.me/hscfreepdf/1564,1564,1564,
2026-07-04,Telegram Image,Image,https://t.me/hscfreepdf/1563,1563,1563,
2026-07-04,Telegram Image,Image,https://t.me/hscfreepdf/1562,1562,1562,
2026-07-04,Telegram Image,Image,https://t.me/hscfreepdf/1561,1561,1561,
2026-07-04,"৩০ নম্বর দিয়ে দিলাম, কোপাই দিও পরীক্ষায় 🔥",Image,https://t.me/hscfreepdf/1560,1560,1560,
2026-07-04,"একনজরে দেখে নাও, আমরা কি কি অফার করছি! https://t.me/hscfreepdf/1558",Video,https://t.me/hscfreepdf/1559,1559,1559,
2026-07-04,"এক সাবস্ক্রিপশন এ HSC ও এডমিশন! সবচেয়ে বেশি ফিয়েচার সবচেয়ে কম প্রাইসিং! সামনে ইংরেজি পরিক্ষার প্রস্তুতি নেওয়ার জন্যে সবকিছু এক এপে! প্রশ্ন ব্যাংক, টেস্ট পেপার সবকিছু!অনলাইনের সব থেকে সাস্ত্রয়ী মুল্যে। এই দাম শুধুমাত্র আগামীকাল রাত ১২ টা পর্",Image,https://t.me/hscfreepdf/1558,1558,1558,
2026-07-04,English 1st Paper-এর MCQ সলভ করতে জয়েন করো: @prostutihsc https://t.me/prostutihsc/2344,Text,https://t.me/hscfreepdf/1557,1557,1557,
2026-07-04,HSC English Final Suggestion PDF! Author: 10 MS,PDF,https://t.me/hscfreepdf/1556,1556,1556,English 1st paper Super Suggestion __ HSC26 -stamped (1).pdf
2026-07-04,Telegram Image,Image,https://t.me/hscfreepdf/1555,1555,1555,
2026-07-04,Telegram Image,Image,https://t.me/hscfreepdf/1554,1554,1554,
2026-07-04,Telegram Image,Image,https://t.me/hscfreepdf/1553,1553,1553,
2026-07-04,Telegram Image,Image,https://t.me/hscfreepdf/1552,1552,1552,
2026-07-04,এইচএসসি বাংলা ২য় পত্র উত্তর ২০২৬ (সকল বোর্ড) | HSC Bangla 2nd Paper MCQ Solution 2026,Image,https://t.me/hscfreepdf/1551,1551,1551,
2026-07-03,Telegram Image,Image,https://t.me/hscfreepdf/1549,1549,1549,
2026-07-03,Telegram Image,Image,https://t.me/hscfreepdf/1548,1548,1548,
2026-07-03,Telegram Image,Image,https://t.me/hscfreepdf/1547,1547,1547,
2026-07-03,Telegram Image,Image,https://t.me/hscfreepdf/1546,1546,1546,
2026-07-03,Telegram Image,Image,https://t.me/hscfreepdf/1545,1545,1545,
2026-07-03,Telegram Image,Image,https://t.me/hscfreepdf/1544,1544,1544,
2026-07-03,Telegram Image,Image,https://t.me/hscfreepdf/1543,1543,1543,
2026-07-03,Telegram Image,Image,https://t.me/hscfreepdf/1542,1542,1542,
2026-07-03,Telegram Image,Image,https://t.me/hscfreepdf/1541,1541,1541,
2026-07-03,HSC বাংলা ২য় পত্র নির্মিতি অংশের লেখার নিয়মগুলো পরীক্ষার আগে একবার চোখ বুলিয়ে নিতে পারো,Image,https://t.me/hscfreepdf/1540,1540,1540,
2026-07-03,Telegram Image,Image,https://t.me/hscfreepdf/1539,1539,1539,
2026-07-03,Telegram Image,Image,https://t.me/hscfreepdf/1538,1538,1538,
2026-07-03,Telegram Image,Image,https://t.me/hscfreepdf/1537,1537,1537,
2026-07-03,Telegram Image,Image,https://t.me/hscfreepdf/1536,1536,1536,
2026-07-03,Telegram Image,Image,https://t.me/hscfreepdf/1535,1535,1535,
2026-07-03,HSC বাংলা ২য় পত্র Top 10 রচনা সাজেশন (রিয়েক্ট দিতে ভুলবে না!),Image,https://t.me/hscfreepdf/1534,1534,1534,
2026-07-02,Telegram Image,Image,https://t.me/hscfreepdf/1533,1533,1533,
2026-07-02,Telegram Image,Image,https://t.me/hscfreepdf/1532,1532,1532,
2026-07-02,Telegram Image,Image,https://t.me/hscfreepdf/1531,1531,1531,
2026-07-02,Telegram Image,Image,https://t.me/hscfreepdf/1530,1530,1530,
2026-07-02,Telegram Image,Image,https://t.me/hscfreepdf/1529,1529,1529,
2026-07-02,Telegram Image,Image,https://t.me/hscfreepdf/1528,1528,1528,
2026-07-02,"HSC বাংলা ২য় পত্র সাজেশন PDF From Likhon Sir Prostuti APP-এ নাও বাংলা ২য় পত্রের ১০০% প্রস্তুতি! বোর্ড কোশ্চেন সলভ, টেস্ট পেপারের টপিক-ওয়াইজ প্র্যাকটিস আর ভুল শুধরাতে থাকছে আমাদের 'Prostuti AI'। 50% Discount-এ নিতে এখনই ম্যাসেজ দাও: 💬 What",Image,https://t.me/hscfreepdf/1527,1527,1527,
2026-07-02,Telegram Image,Image,https://t.me/hscfreepdf/1526,1526,1526,
2026-07-02,Telegram Image,Image,https://t.me/hscfreepdf/1525,1525,1525,
2026-07-02,Telegram Image,Image,https://t.me/hscfreepdf/1524,1524,1524,
2026-07-02,Telegram Image,Image,https://t.me/hscfreepdf/1523,1523,1523,
2026-07-02,Telegram Image,Image,https://t.me/hscfreepdf/1522,1522,1522,
2026-07-02,Telegram Image,Image,https://t.me/hscfreepdf/1521,1521,1521,
2026-07-02,Telegram Image,Image,https://t.me/hscfreepdf/1520,1520,1520,
2026-07-02,Telegram Image,Image,https://t.me/hscfreepdf/1519,1519,1519,
2026-07-02,Telegram Image,Image,https://t.me/hscfreepdf/1518,1518,1518,
2026-07-02,"HSC বাংলা ২য় পত্র সাজেশন PDF From Likhon Sir Prostuti APP-এ নাও বাংলা ২য় পত্রের ১০০% প্রস্তুতি! বোর্ড কোশ্চেন সলভ, টেস্ট পেপারের টপিক-ওয়াইজ প্র্যাকটিস আর ভুল শুধরাতে থাকছে আমাদের 'Prostuti AI'। 50% Discount-এ নিতে এখনই ম্যাসেজ দাও: 💬 What",Image,https://t.me/hscfreepdf/1517,1517,1517,
2026-07-02,"HSC বাংলা ২য় পত্র সাজেশন PDF Prostuti APP-এ নাও বাংলা ২য় পত্রের ১০০% প্রস্তুতি! বোর্ড কোশ্চেন সলভ, টেস্ট পেপারের টপিক-ওয়াইজ প্র্যাকটিস আর ভুল শুধরাতে থাকছে আমাদের 'Prostuti AI'। 50% Discount-এ নিতে এখনই ম্যাসেজ দাও: 💬 WhatsApp: wa.me/+880",PDF,https://t.me/hscfreepdf/1498,1498,1498,বাংলা_২য়_পত্র_সুপার_সাজেশন_HSC26_.pdf
2026-07-02,"HSC বাংলা ২য় পত্র সাজেশন PDF Pro With Sahidin Prostuti APP-এ নাও বাংলা ২য় পত্রের ১০০% প্রস্তুতি! বোর্ড কোশ্চেন সলভ, টেস্ট পেপারের টপিক-ওয়াইজ প্র্যাকটিস আর ভুল শুধরাতে থাকছে আমাদের 'Prostuti AI'। 50% Discount-এ নিতে এখনই ম্যাসেজ দাও: 💬 Wha",PDF,https://t.me/hscfreepdf/1497,1497,1497,বাংলা_২য়_পত্র_ফাইনাল_সাজেশন.pdf
2026-07-02,HSC 2026 Bangla 1st MCQ Solution 🔗 website web.prostuti.bd 🔗 whatsapp wa.me/+8801836083902,PDF,https://t.me/hscfreepdf/1496,1496,1496,Prostuti_Bangla_1st_Premium_Final.pdf
2026-07-02,Telegram Image,Image,https://t.me/hscfreepdf/1495,1495,1495,
2026-07-02,Telegram Image,Image,https://t.me/hscfreepdf/1494,1494,1494,
2026-07-02,Telegram Image,Image,https://t.me/hscfreepdf/1493,1493,1493,
2026-07-02,"পরিক্ষা কেমন হয়েছে এইটা এখন আর চিন্তা করে লাভ নেই। ২য় পত্রের প্রস্তুতি নাও।২য় পত্রের মার্ক দিয়ে, বাংলার রেজাল্ট নির্ধারিত হবে।এবং দ্বিতীয়পত্রে প্রচুর নাম্বার দেয়। আজকে আর কিছুক্ষণ রেস্ট নিয়ে পড়াশোনা শুরু করো। what is lotted , can not be blo",Image,https://t.me/hscfreepdf/1492,1492,1492,
2026-07-01,"আর অবশ্যই অবশ্যই MCQ এর সেট কোড লিখবা।সেট কোড লেখার সাথে সাথে প্রশ্নে মার্ক করবা। কোনো কিছু নিয়ে হতাশা গ্রস্থ হয়ো না।এইটা কিন্তু ৩ মাস ব্যাপি পরিক্ষা।অনেক সময়। কখনো যদি মনে হয় কোনো সমস্যা হচ্ছে, আমাকে @prostutibot এ ম্যাসেজ দিলেই পাবে।আমি ত",Text,https://t.me/hscfreepdf/1490,1490,1490,
2026-07-01,"কালকে স্পীড অনেক বেশি দিয়ে লিখবে। হাতের লেখা সুন্দর করে লিখতে গিয়ে আগের বছর অনেকেই ৫ টা বা ৬ টা লিখে আসছে। এদিকে আমার হাতের লেখা বাজে হঈয়া স্বত্বেও আমি অনেক দ্রুত, অনেক বড় করে ৭ টায় লিখে আসছি।এবং ভালো মার্ক ও পেয়েছি। মাঝে মনে হতে পারে কোনো ",Text,https://t.me/hscfreepdf/1489,1489,1489,
2026-07-01,এইটা দেখে যেতে পারো!(১০০+ কনফিউজিং কোশ্চেন) Author : Omor Faruq (onushilon) https://t.me/hscfreepdf/1483,Text,https://t.me/hscfreepdf/1484,1484,1484,
2026-07-01,Confusing MCQ,PDF,https://t.me/hscfreepdf/1483,1483,1483,Confusing MCQ.pdf
2026-07-01,HSC 26 ছোট ভাই ও বোনেরা কাল থেকে তোমাদের এক্সাম শুরু হতে যাচ্ছে। প্রস্তুতি টিম থেকে তোমাদের জন্যে অনেক দোয়া ও শুভকামনা রইলো।💚 তোমাদের বাংলা ফার্স্ট পেপার এক্সামের আগে HSC স্ট্যান্ডার্ড এক সেট এক্সামের ব্যাবস্থা করা হয়েছে!(আজ যেহেতু সময় নেয় ,Text,https://t.me/hscfreepdf/1478,1478,1478,
2026-07-01,✨ACS - Bangla 1st Paper Marathon Class Slide✨ 🌟 𝗘𝗱𝗶𝘁𝗶𝗼𝗻 : HSC 26 © PDF Credit : Admission Stuffs,PDF,https://t.me/hscfreepdf/1477,1477,1477,@HSCStuffs_ACS Bangla 1st Marathon Class Slide (HSC 26).pdf
2026-07-01,PROSTUTI50 কুপনে ৫০% EXTRA ছাড়! Only for 7 day web.prostuti.bd https://t.me/prostutibd Whatsapp: wa.me/+8801836083902,Image,https://t.me/hscfreepdf/1476,1476,1476,
2026-07-01,অবশ্যই মন থেকে যেটা আসছে সেটা দিবা।তোমার প্রিপারেশন তুমি ভালো করেই জানো আশা করি।,Media,https://t.me/hscfreepdf/1474,1474,1474,
2026-07-01,"Bangla 1st Paper Final Revision Suggestion Author: 10MS HSC জ্ঞ্যান অনুধাবন,টাইপওয়াইজ CQ, MCQ ইত্যাদি পাও প্রস্তুতি এপে 🔗web.prostuti.bd 🔗@prostutibd",PDF,https://t.me/hscfreepdf/1473,1473,1473,Bangla 1st_HSC 26_Final Revision Suggestion 10MS.pdf
2026-07-01,Bangla 1st Paper Top 200 MCQ Author: 10MS,PDF,https://t.me/hscfreepdf/1472,1472,1472,200 MCQ Bangla by 10MS.pdf
2026-07-01,বাংলা ১ম পত্র ঐতিহাসিক ম্যারাথন ক্লাস স্লাইড Author: Bondi Pathshala,PDF,https://t.me/hscfreepdf/1471,1471,1471,Bangla 1st Paper Marathon Class Slide - BP.pdf
2026-06-30,"HSC 2026 ব্যাচ, তোমাদের জন্য বাংলা ১ম পত্র (গদ্য) - Special Information PDF! 🎯 পিডিএফটা পড়ে গদ্যের প্রিপারেশন ডান করো। এরপর 'Prostuti'-তে এক্সাম দিয়ে নিজেকে যাচাই করে নাও! প্র্যাকটিস করো: web.prostuti.bd 🫟 পর্যায়ক্রমে সবগুলো বিষয়ই দেয়া হ",PDF,https://t.me/hscfreepdf/1470,1470,1470,BP Publications গদ্য .pdf
2026-06-30,প্রতিদিনই গুরুত্বপূর্ণ পোল দেওয়া হচ্ছে আমাদের প্রস্তুতি চ্যানেলে যারা এখনো জয়েন করনি জয়েন হয়ে যাও। @prostutihsc,Image,https://t.me/hscfreepdf/1469,1469,1469,
2026-06-28,"➥ 𝗕𝗔𝗡𝗚𝗟𝗔 মূল বইয়ের সকল গুরুত্বপূর্ণ Formula, Concept, Shortcut ও Key Points একত্রে সাজানো হয়েছে তোমাদের জন্য। ✅ দ্রুত রিভিশন ✅ কনসেপ্ট ক্লিয়ার করা ✅ বারবার অনুশীলনের মাধ্যমে দক্ষতা বৃদ্ধি ✅ পরীক্ষার আগে স্মার্ট প্রস্তুতি তোমার বন্ধুদের স",PDF,https://t.me/hscfreepdf/1468,1468,1468,HSC-BANGLA_LEKHOK_PORICHITI-CONCEPT-BOOK.pdf
2026-06-28,➥ 𝗜𝗖𝗧,PDF,https://t.me/hscfreepdf/1467,1467,1467,HSC-ICT-CONCEPT-BOOK.pdf
2026-06-28,➥ 𝗠𝗔𝗧𝗛,PDF,https://t.me/hscfreepdf/1466,1466,1466,HSC-MATH-CONCEPT-BOOK.pdf
2026-06-28,➥ 𝗖𝗛𝗘𝗠𝗜𝗦𝗧𝗥𝗬,PDF,https://t.me/hscfreepdf/1465,1465,1465,HSC-CHEMISTRY-CONCEPT-BOOK.pdf
2026-06-28,➥ 𝗣𝗛𝗬𝗦𝗜𝗖𝗦,PDF,https://t.me/hscfreepdf/1464,1464,1464,HSC-PHYSICS-CONCEPT-BOOK.pdf
2026-06-28,"এইচএসসি পরীক্ষার্থীরা, তোমাদের জন্য বাংলা দাগানো বইয়ের পিডিএফ। শুধু এই পিডিএফগুলো পড়লে MCQ আর CQ নিয়ে কোনো টেনশন থাকবে না। পড়ো, তারপর তোমার পড়া যাচাই করতে 'প্রস্তুতি' অ্যাপে গিয়ে এক্সাম দাও। প্র্যাকটিস করো: web.prostuti.bd 🫟 পর্যায়ক্রমে সব",PDF,https://t.me/hscfreepdf/1453,1453,1453,এইচএসসি_বাংলা_১ম_পত্র_দাগানো_বই_২০২৬.pdf
2026-06-28,লালসালু উপন্যাস দাগানো,PDF,https://t.me/hscfreepdf/1451,1451,1451,লালসালু_উপন্যাস_দাগানো.pdf
2026-06-28,"এইচএসসি পরীক্ষার্থীরা, তোমাদের জন্য বাংলা সহপাঠের (লালসালু ও সিরাজউদ্দৌলা) সবচেয়ে গুরুত্বপূর্ণ দাগানো বইয়ের পিডিএফ। শুধু এই পিডিএফগুলো পড়লে MCQ আর CQ নিয়ে কোনো টেনশন থাকবে না। পড়ো, তারপর তোমার পড়া যাচাই করতে 'প্রস্তুতি' অ্যাপে গিয়ে এক্সাম দ",PDF,https://t.me/hscfreepdf/1450,1450,1450,সিরাজউদ্দৌলা দাগানো.pdf
2026-06-27,"এইচএসসি আইসিটি দাগানো বইয়ের পিডিএফ! শুধু এই পিডিএফটা পড়লে MCQ আর অনুধাবনে কোনো টেনশন থাকবে না। পড়ো, তারপর তোমার পড়া যাচাই করতে 'প্রস্তুতি' (Prostuti) অ্যাপে গিয়ে এক্সাম দাও। প্র্যাকটিস করো: web.prostuti.bd",PDF,https://t.me/hscfreepdf/1449,1449,1449,আইসিটি দাগানো বই.pdf
2026-06-27,📱 Prostuti App – তোমার সাফল্যের স্মার্ট সঙ্গী! 📖 ডিজিটাল HSC টেস্ট পেপার 📅 বিগত বছরের প্রশ্ন ⚡ দ্রুত প্র্যাক্টিস সিস্টেম 🧩 টাইপওয়াইজ CQ (Chapter/Type based) 🍟সকল সাবজেক্ট এর জ্ঞ্যান অনুধাবন ও এর ব্যাক্ষ্যা সহ উত্তর 💥অনুশিলনী প্রায় ১২০০০+ প্,APK,https://t.me/hscfreepdf/1447,1447,1447,prostuti_v1.0.6_arm64_v8a.apk
2026-06-27,বোর্ড পরীক্ষার জন্য আইসিটি এর ফাইনাল সাজেশন বহুনির্বাচনী পিডিএফ ✨ বোর্ড পরীক্ষার জন্য কিছু important mcq দেখানো হয়েছে 🫟 পর্যায়ক্রমে সবগুলো বিষয়ের উপরই দেয়া হবে। ( রিয়েক্ট দিতে ভুলবে না ) Author Square Chorcha + E test Paper এর সকল ফিয়ে,PDF,https://t.me/hscfreepdf/1446,1446,1446,আইসিটি সাজেশন MCQ পিডিএফ.pdf
2026-06-26,@prostutihsc,Image,https://t.me/hscfreepdf/1445,1445,1445,
2026-06-26,"⎙ বোর্ড পরীক্ষার জন্য আইসিটি ফাইনাল সাজেশন ক & খ পিডিএফ ✨ বোর্ড পরীক্ষার জন্য কিছু important ক & খ দেখানো হয়েছে 🫟 পর্যায়ক্রমে সবগুলো বিষয়ের উপরই দেয়া হবে। ( রিয়েক্ট দিতে ভুলবে না ) Author Square Chorcha + E test Paper এর সকল ফিয়েচার, এ",PDF,https://t.me/hscfreepdf/1444,1444,1444,আইসিটি_ক_&_খ_সাজেশন_পিডিএফ.pdf
2026-06-25,Telegram Image,Image,https://t.me/hscfreepdf/1443,1443,1443,
2026-06-25,Telegram Image,Image,https://t.me/hscfreepdf/1442,1442,1442,
2026-06-25,Short Notes and Formula গতিবিদ্যা Author Physics Saviour- Shahriar Nazim,Image,https://t.me/hscfreepdf/1441,1441,1441,
2026-06-25,Telegram Image,Image,https://t.me/hscfreepdf/1440,1440,1440,
2026-06-25,Telegram Image,Image,https://t.me/hscfreepdf/1439,1439,1439,
2026-06-25,Telegram Image,Image,https://t.me/hscfreepdf/1438,1438,1438,
2026-06-25,Short Notes and Formula ভেক্টর Author Physics Saviour- Shahriar Nazim,Image,https://t.me/hscfreepdf/1437,1437,1437,
2026-06-25,Telegram Image,Image,https://t.me/hscfreepdf/1436,1436,1436,
2026-06-25,Short Notes and Formula 1.1 ভৌত জগৎ ও পরমাপ Author Physics Saviour- Shahriar Nazim,Image,https://t.me/hscfreepdf/1435,1435,1435,
2026-06-24,HSC & Admissiom এর পোল সলভ করতে চাইলে এই চ্যানেলে যুক্ত হয়ে যাও! https://t.me/prostutihsc/3,Media,https://t.me/hscfreepdf/1434,1434,1434,
2026-06-23,"HSC 26 । Biology First Paper SURE COMMON MCQ Suggestions ।Top 500 Mcq Suggetion 🫟 পর্যায়ক্রমে সবগুলো বিষয়ের উপরই দেয়া হবে। ( রিয়েক্ট দিতে ভুলবে না ) Mirza Academy Author Ismail Hossain Parvej Chorcha + E test Paper এর সকল ফিয়েচার, একদম ",PDF,https://t.me/hscfreepdf/1433,1433,1433,Biology_2nd_500MCQ_pdf.pdf (1).pdf
2026-06-23,"HSC 26 । Biology First Paper SURE COMMON MCQ Suggestions ।Top 500 Mcq Suggetion 🫟 পর্যায়ক্রমে সবগুলো বিষয়ের উপরই দেয়া হবে। ( রিয়েক্ট দিতে ভুলবে না ) Mirza Academy Author Ismail Hossain Parvej Chorcha + E test Paper এর সকল ফিয়েচার, একদম ",PDF,https://t.me/hscfreepdf/1432,1432,1432,HSC_Biology_MCQ_500.pdf (1).pdf
2026-06-23,"YPT তে আমার সাথে পড়াশোনা করতে চাইলে নিচের লিংকে যাও https://link.yeolpumta.com/P3R5cGU9Z3JvdXBJbnZpdGUmaWQ9Njk1MzY2OA== ৪ ঘন্টা টার্গেট রাখা হয়েছে আপাতত, দেখতে চাচ্ছি তোমরা কে কত টুকু সময় পড়াশোনা করো।পরে চেঞ্জ করা হবে!",Image,https://t.me/hscfreepdf/1431,1431,1431,
2026-06-22,"এই হলের জিমে সবচেয়ে বেশি উন্নত সরঞ্জাম আছে অন্যান্য হলের তুলনায়! ভাবছি ভ্লগার হয়ে যাবো,আশে পাশে খালি কন্টেন্ট আর কন্টেন্ট",Video,https://t.me/hscfreepdf/1430,1430,1430,
2026-06-22,"Higher Math 2nd Paper MCQ Suggestion 2026 PDF | উচ্চতর গণিত দ্বিতীয় পত্র ( রিয়েক্ট দিতে ভুলবে না ) Author Mehedi Math Academy Chorcha + E test Paper এর সকল ফিয়েচার, একদম ফ্রি! চ্যানেলঃ t.me/prostutibd web : web.prostuti.bd",PDF,https://t.me/hscfreepdf/1427,1427,1427,Higher math 2nd Paper MCQ.pdf
2026-06-22,"Higher Math 1st Paper MCQ Suggestion 2026 PDF | উচ্চতর গণিত ১ম পত্র ( রিয়েক্ট দিতে ভুলবে না ) Author Mehedi Math Academy Chorcha + E test Paper এর সকল ফিয়েচার, একদম ফ্রি! চ্যানেলঃ t.me/prostutibd web : web.prostuti.bd",PDF,https://t.me/hscfreepdf/1426,1426,1426,Higher math 1st Paper MCQ.pdf
2026-06-22,"QPS Physics 2nd Paper 2026 PDF | QPS পদার্থবিজ্ঞান ২য় পত্র ⎙( রিয়েক্ট দিতে ভুলবে না ) ©️ Education Blog Chorcha + E test Paper এর সকল ফিয়েচার, একদম ফ্রি! চ্যানেলঃ t.me/prostutibd web : web.prostuti.bd",PDF,https://t.me/hscfreepdf/1425,1425,1425,QPS Phy 2nd (1).pdf
2026-06-22,"QPS Physics 1st Paper 2026 PDF | QPS পদার্থবিজ্ঞান ১ম পত্র ⎙( রিয়েক্ট দিতে ভুলবে না ) ©️ Education Blog Chorcha + E test Paper এর সকল ফিয়েচার, একদম ফ্রি! চ্যানেলঃ t.me/prostutibd web : web.prostuti.bd",PDF,https://t.me/hscfreepdf/1424,1424,1424,QPS physics 1st .pdf
2026-06-21,⎙ বোর্ড পরীক্ষার জন্য বাংলা ২য় পত্রের রিটেন ফাইনাল সাজেশন পিডিএফ ✨ বোর্ড পরীক্ষার জন্য বাংলা ২য় পত্রের গুরুত্বপূর্ণ লিখিত অংশগুলো এই পিডিএফে দেখানো হয়েছে Author Fahad's Tutorial 🫟 পর্যায়ক্রমে সবগুলো বিষয়ের উপরই দেয়া হবে। ( রিয়েক্ট দিতে,PDF,https://t.me/hscfreepdf/1423,1423,1423,Suggestion bangla 2nd Written.pdf
2026-06-21,⎙ বোর্ড পরীক্ষার জন্য বাংলা প্রথম পত্রের ফাইনাল ক & খ সাজেশন পিডিএফ ✨ বোর্ড পরীক্ষার জন্য কিছু important ক & খ দেখানো হয়েছে Author Square 🫟 পর্যায়ক্রমে সবগুলো বিষয়ের উপরই দেয়া হবে। ( রিয়েক্ট দিতে ভুলবে না ) Chorcha + E test Paper এর সক,PDF,https://t.me/hscfreepdf/1422,1422,1422,বাংলা_প্রথম_পত্র_ক_&_খ_.pdf
2026-06-21,"Higher Math 2nd Paper CQ Suggestion 2026 PDF | উচ্চতর গণিত দ্বিতীয় পত্র ( রিয়েক্ট দিতে ভুলবে না ) Author Mehedi Math Academy Chorcha + E test Paper এর সকল ফিয়েচার, একদম ফ্রি! চ্যানেলঃ t.me/prostutibd web : web.prostuti.bd",PDF,https://t.me/hscfreepdf/1421,1421,1421,Higher Math 2nd Paper Suggestions CQ.pdf
2026-06-21,"Higher Math 1st Paper CQ Suggestion 2026 PDF | উচ্চতর গণিত ১ম পত্র ( রিয়েক্ট দিতে ভুলবে না ) Author Mehedi Math Academy Chorcha + E test Paper এর সকল ফিয়েচার, একদম ফ্রি! চ্যানেলঃ t.me/prostutibd web : web.prostuti.bd",PDF,https://t.me/hscfreepdf/1420,1420,1420,Higher Math 1st Paper Suggestions for CQ (1).pdf
2026-06-21,"✨Royal Quick Preparation Series - Chemistry 1st Paper✨ 🌟 𝐄𝐝𝐢𝐭𝐢𝐨𝐧 : HSC 2026 [Latest] 📖 রয়েল কুইক প্রিপারেশন সিরিজ 🏷 রসায়ন ১ম পত্র PDF Credit : EducationBlog tg: Admission Stuffs Chorcha + E test Paper এর সকল ফিয়েচার, একদম ফ্রি! চ্যানেলঃ t.m",PDF,https://t.me/hscfreepdf/1418,1418,1418,@AdmissionStuffs_Royal QPS Series - Chemistry 1st Paper.pdf
2026-06-21,✨Royal Quick Preparation Series - Higher Math 2nd Paper✨ 🌟 𝐄𝐝𝐢𝐭𝐢𝐨𝐧 : HSC 2026 [Latest] 📖 রয়েল কুইক প্রিপারেশন সিরিজ 🏷 উচ্চতর গণিত ২য় পত্র PDF Credit : EducationBlog tg: Admission Stuffs,PDF,https://t.me/hscfreepdf/1417,1417,1417,@AdmissionStuffs_Royal QPS Series - Math 2nd Paper.pdf
2026-06-21,✨Royal Quick Preparation Series - Higher Math 1st Paper✨ 🌟 𝐄𝐝𝐢𝐭𝐢𝐨𝐧 : HSC 2026 [Latest] 📖 রয়েল কুইক প্রিপারেশন সিরিজ 🏷 উচ্চতর গণিত ১ম পত্র PDF Credit : EducationBlog tg: Admission Stuffs,PDF,https://t.me/hscfreepdf/1416,1416,1416,@AdmissionStuffs_Royal QPS Series - Math 1st Paper.pdf
2026-06-21,✨Royal Quick Preparation Series - ICT✨ 🌟 𝐄𝐝𝐢𝐭𝐢𝐨𝐧 : HSC 2026 [Latest] 📖 রয়েল কুইক প্রিপারেশন সিরিজ 🏷 আইসিটি ⓒ PDF Credit : EducationBlog tg: Admission Stuffs,PDF,https://t.me/hscfreepdf/1415,1415,1415,@AdmissionStuffs_Royal QPS Series - ICT.pdf
2026-06-20,Telegram Image,Image,https://t.me/hscfreepdf/1413,1413,1413,
2026-06-20,"৮ ঘন্টার বিরক্তিকর জার্নি শেষে চলে আসলাম আমার বিশ্ববিদ্যালয়ে!✌️💚 জীবনের রাত জাগা পরিশ্রম গুলো ব্যর্থ হয় নি,এখানে আসলে অনুভব করা যায় সারোয়ার আবেদীন ফার্মাসি (৬১ ব্যাচ) ঢাকা বিশ্ববিদ্যালয় (১০৫ ব্যাচ)",Image,https://t.me/hscfreepdf/1412,1412,1412,
2026-06-20,"QPS Ict 2026 PDF | QPS তথ্য ও যোগাযোগ প্রযুক্তি ⎙( রিয়েক্ট দিতে ভুলবে না ) ©️ Education Blog Chorcha + E test Paper এর সকল ফিয়েচার, একদম ফ্রি! চ্যানেলঃ t.me/prostutibd web : web.prostuti.bd",PDF,https://t.me/hscfreepdf/1411,1411,1411,pre QPS ict .pdf
2026-06-20,"QPS Chemistry 2nd Paper 2026 PDF | QPS রসায়ন ২য় পত্র ⎙ ( রিয়েক্ট দিতে ভুলবে না ) ©️ Education Blog Chorcha + E test Paper এর সকল ফিয়েচার, একদম ফ্রি! চ্যানেলঃ t.me/prostutibd web : web.prostuti.bd",PDF,https://t.me/hscfreepdf/1410,1410,1410,pre QPS chm2 .pdf
2026-06-20,"QPS Chemistry 1st Paper 2026 PDF | QPS রসায়ন ১ম পত্র ⎙( রিয়েক্ট দিতে ভুলবে না ) ©️ Education Blog Chorcha + E test Paper এর সকল ফিয়েচার, একদম ফ্রি! চ্যানেলঃ t.me/prostutibd web : web.prostuti.bd",PDF,https://t.me/hscfreepdf/1409,1409,1409,pre QPS chm1.pdf
2026-06-20,"QPS Higher Math 2nd Paper 2026 PDF,QPS উচ্চতর গণিত ২য় পত্র ⎙( রিয়েক্ট দিতে ভুলবে না ) ©️ Education Blog Chorcha + E test Paper এর সকল ফিয়েচার, একদম ফ্রি! চ্যানেলঃ t.me/prostutibd web : web.prostuti.bd",PDF,https://t.me/hscfreepdf/1408,1408,1408,QPS math 2nd .pdf
2026-06-20,"QPS Higher Math 1st Paper 2026 PDF | QPS উচ্চতর গণিত ১ম পত্র ⎙( রিয়েক্ট দিতে ভুলবে না ) ©️ Education Blog Chorcha + E test Paper এর সকল ফিয়েচার, একদম ফ্রি! চ্যানেলঃ t.me/prostutibd web : web.prostuti.bd",PDF,https://t.me/hscfreepdf/1407,1407,1407,QPS math 1st.pdf
2026-06-19,📱 Prostuti App – তোমার সাফল্যের স্মার্ট সঙ্গী! 📖 ডিজিটাল HSC টেস্ট পেপার 📅 বিগত বছরের প্রশ্ন ⚡ দ্রুত প্র্যাক্টিস সিস্টেম 🧩 টাইপওয়াইজ CQ (Chapter/Type based) 🍟সকল সাবজেক্ট এর জ্ঞ্যান অনুধাবন ও এর ব্যাক্ষ্যা সহ উত্তর 💥অনুশিলনী প্রায় ১২০০০+ প্,APK,https://t.me/hscfreepdf/1406,1406,1406,prostuti_v1.0.6_arm64_v8a.apk
2026-06-19,🔰সকল একক ও মাত্রার 5️⃣⭐️ নোট ✨ (গুরুত্বপূর্ণ ও পরীক্ষায় কমন উপযোগী নোট) © SABAS,Image,https://t.me/hscfreepdf/1404,1404,1404,
2026-06-19,Telegram Image,Image,https://t.me/hscfreepdf/1403,1403,1403,
2026-06-18,⎙ বোর্ড পরীক্ষার জন্য বাংলা প্রথম পত্রের ফাইনাল সাজেশন বহুনির্বাচনী পিডিএফ ✨ বোর্ড পরীক্ষার জন্য কিছু important mcq দেখানো হয়েছে 🫟 পর্যায়ক্রমে সবগুলো বিষয়ের উপরই দেয়া হবে। ( রিয়েক্ট দিতে ভুলবে না ) Author: Square,PDF,https://t.me/hscfreepdf/1402,1402,1402,B1 ফাইনাল সাজেশন পিডিএফ.pdf
2026-06-18,Telegram Image,Image,https://t.me/hscfreepdf/1401,1401,1401,
2026-06-18,Telegram Image,Image,https://t.me/hscfreepdf/1400,1400,1400,
2026-06-18,Telegram Image,Image,https://t.me/hscfreepdf/1399,1399,1399,
2026-06-18,Telegram Image,Image,https://t.me/hscfreepdf/1398,1398,1398,
2026-06-18,Telegram Image,Image,https://t.me/hscfreepdf/1397,1397,1397,
2026-06-18,Telegram Image,Image,https://t.me/hscfreepdf/1396,1396,1396,
2026-06-18,পদার্থের গাঠনিক ধর্ম author : Mst Lamia Islam,Image,https://t.me/hscfreepdf/1395,1395,1395,
2026-06-18,Telegram Image,Image,https://t.me/hscfreepdf/1393,1393,1393,
2026-06-18,Telegram Image,Image,https://t.me/hscfreepdf/1392,1392,1392,
2026-06-18,Telegram Image,Image,https://t.me/hscfreepdf/1391,1391,1391,
2026-06-18,Telegram Image,Image,https://t.me/hscfreepdf/1390,1390,1390,
2026-06-18,Telegram Image,Image,https://t.me/hscfreepdf/1389,1389,1389,
2026-06-18,Telegram Image,Image,https://t.me/hscfreepdf/1388,1388,1388,
2026-06-18,Telegram Image,Image,https://t.me/hscfreepdf/1387,1387,1387,
2026-06-18,Telegram Image,Image,https://t.me/hscfreepdf/1386,1386,1386,
2026-06-18,Telegram Image,Image,https://t.me/hscfreepdf/1385,1385,1385,
2026-06-18,অনুজীব author : Mobashshera Islam,Image,https://t.me/hscfreepdf/1384,1384,1384,
2026-06-17,Telegram Image,Image,https://t.me/hscfreepdf/1383,1383,1383,
2026-06-17,Telegram Image,Image,https://t.me/hscfreepdf/1382,1382,1382,
2026-06-17,Telegram Image,Image,https://t.me/hscfreepdf/1381,1381,1381,
2026-06-17,Telegram Image,Image,https://t.me/hscfreepdf/1380,1380,1380,
2026-06-17,Telegram Image,Image,https://t.me/hscfreepdf/1379,1379,1379,
2026-06-17,Telegram Image,Image,https://t.me/hscfreepdf/1378,1378,1378,
2026-06-17,পরিমাণগত রসায়ন Full Chapter. (Short Note) Author : Sumaiya Suraiya,Image,https://t.me/hscfreepdf/1377,1377,1377,
2026-06-16,Telegram Image,Image,https://t.me/hscfreepdf/1376,1376,1376,
2026-06-16,ভৌত জগৎ ও পরিমাপ এবং জ্যোতির্বিজ্ঞান author : Sumaiya Parvez Puspo,Image,https://t.me/hscfreepdf/1375,1375,1375,
2026-06-15,Telegram Image,Image,https://t.me/hscfreepdf/1374,1374,1374,
2026-06-15,Telegram Image,Image,https://t.me/hscfreepdf/1373,1373,1373,
2026-06-15,Telegram Image,Image,https://t.me/hscfreepdf/1372,1372,1372,
2026-06-15,Telegram Image,Image,https://t.me/hscfreepdf/1371,1371,1371,
2026-06-15,Telegram Image,Image,https://t.me/hscfreepdf/1370,1370,1370,
2026-06-15,"ফাংশন Author : Nur Hushain --------------------------------------------------------------------------- Chorcha + E test Paper এর সকল ফিয়েচার, একদম ফ্রি! চ্যানেলঃ t.me/prostutibd web : prostuti.pages.dev",Image,https://t.me/hscfreepdf/1369,1369,1369,
2026-06-15,ACS FRB Final Model Test: Bangla 1st Paper (Set C+ Solve) Pdf Credit: Admission Stuff Join @hscfreepdf React for more,PDF,https://t.me/hscfreepdf/1368,1368,1368,FRB MT-01 Bangla 1st Paper [Set-C] With Solve.pdf
2026-06-15,ACS FRB Final Model Test: Bangla 1st Paper (Set B + Solve) Pdf Credit: Admission Stuff Join @hscfreepdf React for more,PDF,https://t.me/hscfreepdf/1367,1367,1367,FRB MT-01 Bangla 1st Paper [Set-B] With Solve.pdf
2026-06-15,ACS FRB Final Model Test: Bangla 1st Paper (Set A + Solve) Pdf Credit: Admission Stuff Join @hscfreepdf React for more,PDF,https://t.me/hscfreepdf/1365,1365,1365,FRB MT-01 Bangla 1st Paper [Set-A] With Solve.pdf
2026-06-14,Telegram Image,Image,https://t.me/hscfreepdf/1362,1362,1362,
2026-06-14,Telegram Image,Image,https://t.me/hscfreepdf/1361,1361,1361,
2026-06-14,Telegram Image,Image,https://t.me/hscfreepdf/1360,1360,1360,
2026-06-14,Telegram Image,Image,https://t.me/hscfreepdf/1359,1359,1359,
2026-06-14,"HSC Physics Short & Smart Note 🔥 1st paper ""Vector"" 100% Revise Join @hscfreepdf React for more",Image,https://t.me/hscfreepdf/1358,1358,1358,
2026-06-14,Telegram Image,Image,https://t.me/hscfreepdf/1357,1357,1357,
2026-06-14,Telegram Image,Image,https://t.me/hscfreepdf/1356,1356,1356,
2026-06-14,Telegram Image,Image,https://t.me/hscfreepdf/1355,1355,1355,
2026-06-14,Telegram Image,Image,https://t.me/hscfreepdf/1354,1354,1354,
2026-06-14,Telegram Image,Image,https://t.me/hscfreepdf/1353,1353,1353,
2026-06-14,Telegram Image,Image,https://t.me/hscfreepdf/1352,1352,1352,
2026-06-14,Telegram Image,Image,https://t.me/hscfreepdf/1351,1351,1351,
2026-06-14,Telegram Image,Image,https://t.me/hscfreepdf/1350,1350,1350,
2026-06-14,Telegram Image,Image,https://t.me/hscfreepdf/1349,1349,1349,
2026-06-14,Telegram Image,Image,https://t.me/hscfreepdf/1348,1348,1348,
2026-06-14,Telegram Image,Image,https://t.me/hscfreepdf/1347,1347,1347,
2026-06-14,Telegram Image,Image,https://t.me/hscfreepdf/1346,1346,1346,
2026-06-14,Telegram Image,Image,https://t.me/hscfreepdf/1345,1345,1345,
2026-06-14,Telegram Image,Image,https://t.me/hscfreepdf/1344,1344,1344,
2026-06-14,Telegram Image,Image,https://t.me/hscfreepdf/1343,1343,1343,
2026-06-14,"HSC Physics Short & Smart Note 🔥 1st paper ""নিউটনিয়ান বলবিদ্যা"" 100% Revise Join @hscfreepdf React for more",Image,https://t.me/hscfreepdf/1342,1342,1342,
2026-06-14,Telegram Image,Image,https://t.me/hscfreepdf/1341,1341,1341,
2026-06-14,Telegram Image,Image,https://t.me/hscfreepdf/1340,1340,1340,
2026-06-14,Telegram Image,Image,https://t.me/hscfreepdf/1339,1339,1339,
2026-06-14,"HSC Physics Short & Smart Note 🔥 2nd Paper Physics ""তাপগতিবিদ্যা"" 100% Revise Join @hscfreepdf React for more",Image,https://t.me/hscfreepdf/1338,1338,1338,
2026-06-14,Telegram Image,Image,https://t.me/hscfreepdf/1337,1337,1337,
2026-06-14,Telegram Image,Image,https://t.me/hscfreepdf/1336,1336,1336,
2026-06-14,Telegram Image,Image,https://t.me/hscfreepdf/1335,1335,1335,
2026-06-14,Telegram Image,Image,https://t.me/hscfreepdf/1334,1334,1334,
2026-06-14,Telegram Image,Image,https://t.me/hscfreepdf/1333,1333,1333,
2026-06-14,Telegram Image,Image,https://t.me/hscfreepdf/1332,1332,1332,
2026-06-14,Telegram Image,Image,https://t.me/hscfreepdf/1331,1331,1331,
2026-06-14,"HSC Physics Short & Smart Note 🔥 1st Paper ""কাজ শক্তি ও ক্ষমতা"" 100% Revise Join @hscfreepdf React for more",Image,https://t.me/hscfreepdf/1330,1330,1330,
2026-06-14,Telegram Image,Image,https://t.me/hscfreepdf/1329,1329,1329,
2026-06-14,Telegram Image,Image,https://t.me/hscfreepdf/1328,1328,1328,
2026-06-14,Telegram Image,Image,https://t.me/hscfreepdf/1327,1327,1327,
2026-06-14,Telegram Image,Image,https://t.me/hscfreepdf/1326,1326,1326,
2026-06-14,"HSC Physics Short & Smart Note 🔥 1st Paper "" মহাকর্ষ ও অভিকর্ষ "" 100% Revise Join @hscfreepdf React for more",Image,https://t.me/hscfreepdf/1325,1325,1325,
2026-06-14,Telegram Image,Image,https://t.me/hscfreepdf/1324,1324,1324,
2026-06-14,Telegram Image,Image,https://t.me/hscfreepdf/1323,1323,1323,
2026-06-14,⚡ আদর্শ গ্যাস ও গতিতত্ত্ব (Full)🎖️ 🥈Noted by : ESHI MUM,Image,https://t.me/hscfreepdf/1322,1322,1322,
2026-06-14,Telegram Image,Image,https://t.me/hscfreepdf/1321,1321,1321,
2026-06-14,জ্যোতির্বিজ্ঞান author: Nur Hushain,Image,https://t.me/hscfreepdf/1320,1320,1320,
2026-06-14,Telegram Image,Image,https://t.me/hscfreepdf/1319,1319,1319,
2026-06-14,Telegram Image,Image,https://t.me/hscfreepdf/1318,1318,1318,
2026-06-14,ভৌত জগৎ ও পরিমাপ author: Nur Hushain,Image,https://t.me/hscfreepdf/1317,1317,1317,
2026-06-13,Telegram Image,Image,https://t.me/hscfreepdf/1315,1315,1315,
2026-06-13,Telegram Image,Image,https://t.me/hscfreepdf/1314,1314,1314,
2026-06-13,Telegram Image,Image,https://t.me/hscfreepdf/1313,1313,1313,
2026-06-13,Telegram Image,Image,https://t.me/hscfreepdf/1312,1312,1312,
2026-06-13,Telegram Image,Image,https://t.me/hscfreepdf/1311,1311,1311,
2026-06-13,Telegram Image,Image,https://t.me/hscfreepdf/1310,1310,1310,
2026-06-13,"রক্ত ও সঞ্চালন Author : শুচি স্মিতা Chorcha + E test Paper এর সকল ফিয়েচার, একদম ফ্রি! চ্যানেলঃ t.me/prostutibd web : web.prostutibd.app",Image,https://t.me/hscfreepdf/1309,1309,1309,
2026-06-12,Telegram Image,Image,https://t.me/hscfreepdf/1308,1308,1308,
2026-06-12,Telegram Image,Image,https://t.me/hscfreepdf/1307,1307,1307,
2026-06-12,বৃত্ত author : Nur Hushain,Image,https://t.me/hscfreepdf/1306,1306,1306,
2026-06-11,HSC ICT All Short Forms in One Pdf collected from Rafi React for more,PDF,https://t.me/hscfreepdf/1305,1305,1305,HSC_ICT_ShortForms_RevisionSheet.pdf
2026-06-11,📌 Full Chapter Short note Hsc Chemistry 1st paper( গুণগত রসায়ন) collected from Institute of Science,PDF,https://t.me/hscfreepdf/1303,1303,1303,hscfreepdf.pdf
2026-06-11,Telegram Image,Image,https://t.me/hscfreepdf/1302,1302,1302,
2026-06-11,Telegram Image,Image,https://t.me/hscfreepdf/1301,1301,1301,
2026-06-11,Telegram Image,Image,https://t.me/hscfreepdf/1300,1300,1300,
2026-06-11,"""তাপগতিবিদ্যা"" Short Note author : math & matter by sadik",Image,https://t.me/hscfreepdf/1299,1299,1299,
2026-06-11,Telegram Image,Image,https://t.me/hscfreepdf/1298,1298,1298,
2026-06-11,Telegram Image,Image,https://t.me/hscfreepdf/1297,1297,1297,
2026-06-11,Telegram Image,Image,https://t.me/hscfreepdf/1296,1296,1296,
2026-06-11,Telegram Image,Image,https://t.me/hscfreepdf/1295,1295,1295,
2026-06-11,Telegram Image,Image,https://t.me/hscfreepdf/1294,1294,1294,
2026-06-11,Telegram Image,Image,https://t.me/hscfreepdf/1293,1293,1293,
2026-06-11,অধ্যায়ঃ ০৭ জীববিজ্ঞান ১ম পত্র নগ্নবীজী ও আবৃতবীজী উদ্ভিদ Hand Notepart 2 Part 1: https://t.me/hscfreepdf/1282 Author Unknown,Image,https://t.me/hscfreepdf/1292,1292,1292,
2026-06-11,Telegram Image,Image,https://t.me/hscfreepdf/1291,1291,1291,
2026-06-11,Telegram Image,Image,https://t.me/hscfreepdf/1290,1290,1290,
2026-06-11,Telegram Image,Image,https://t.me/hscfreepdf/1289,1289,1289,
2026-06-11,Telegram Image,Image,https://t.me/hscfreepdf/1288,1288,1288,
2026-06-11,Telegram Image,Image,https://t.me/hscfreepdf/1287,1287,1287,
2026-06-11,Telegram Image,Image,https://t.me/hscfreepdf/1286,1286,1286,
2026-06-11,Telegram Image,Image,https://t.me/hscfreepdf/1285,1285,1285,
2026-06-11,Telegram Image,Image,https://t.me/hscfreepdf/1284,1284,1284,
2026-06-11,Telegram Image,Image,https://t.me/hscfreepdf/1283,1283,1283,
2026-06-11,অধ্যায়ঃ ০৭ জীববিজ্ঞান ১ম পত্র নগ্নবীজী ও আবৃতবীজী উদ্ভিদ Hand Note part 1 Author Unknown part 2: https://t.me/hscfreepdf/1292,Image,https://t.me/hscfreepdf/1282,1282,1282,
2026-06-11,বায়োলজি বুলেটিন প্রথম ও দ্বিতীয় পত্রে Collected from : educationalpdf24 Tg:@HscFreePdf(hsc pdf) ﻿,PDF,https://t.me/hscfreepdf/1281,1281,1281,বায়োলজি_১ম_ও_২য়_পত্র_বুলেটিন_২০২৫_২৬.pdf
2026-06-10,Telegram Image,Image,https://t.me/hscfreepdf/1280,1280,1280,
2026-06-10,Telegram Image,Image,https://t.me/hscfreepdf/1279,1279,1279,
2026-06-10,Telegram Image,Image,https://t.me/hscfreepdf/1278,1278,1278,
2026-06-10,Telegram Image,Image,https://t.me/hscfreepdf/1277,1277,1277,
2026-06-10,Telegram Image,Image,https://t.me/hscfreepdf/1276,1276,1276,
2026-06-10,Telegram Image,Image,https://t.me/hscfreepdf/1275,1275,1275,
2026-06-10,Telegram Image,Image,https://t.me/hscfreepdf/1274,1274,1274,
2026-06-10,Telegram Image,Image,https://t.me/hscfreepdf/1273,1273,1273,
2026-06-10,Telegram Image,Image,https://t.me/hscfreepdf/1272,1272,1272,
2026-06-10,তরঙ্গ Wave Full Note Author: Sergio Marqina,Image,https://t.me/hscfreepdf/1271,1271,1271,
2026-06-09,"আমাদের চলমান বিষয় গুলো এখানে দেখো! • আমাদের ইন্ডেক্স দেখো! • বিভিন্ন সোর্স থেকে আমাদের করা নোটস কালেকশন গুলো পাবে এখানে (আপডেট চলমান) • DU written Book (এই পোষ্ট পিন করা থাকবে, এখন আমাদের গুরুত্বপুর্ণ নোটিশ এবং লিংক গুলো দিবো) -------------",Text,https://t.me/hscfreepdf/1269,1269,1269,
2026-06-09,✅ RUET Question Bank 2003-20 (Combined) ‼️ Collected From- AAP,PDF,https://t.me/hscfreepdf/1268,1268,1268,@TheStudyPartner_RUET Question Bank 2003-20.pdf
2026-06-09,✅ CUET Question Bank 2003-16 (Combined),PDF,https://t.me/hscfreepdf/1267,1267,1267,@TheStudyPartner_CUET Question Bank 2003-16 Combined.pdf
2026-06-09,"✅ SUST Question Bank 2006-20 (Combined) ‼️ Collected From- AAP --------------------------------------------------------------------------- Chorcha + E test Paper এর সকল ফিয়েচার, একদম ফ্রি! চ্যানেলঃ t.me/prostutibd web : prostuti.pages.dev",PDF,https://t.me/hscfreepdf/1266,1266,1266,@TheStudyPartner_SUST Question Bank 2006-20.pdf
2026-06-09,🍽 Udvash CKRUET Q Bank With Model Test 🕐 2024-25 Edition ©️ Admission Stuff Requested Pdf,PDF,https://t.me/hscfreepdf/1265,1265,1265,@PDFMultiverse_CKRUET Q Bank With Model Test 2024-25.pdf
2026-06-09,Telegram Image,Image,https://t.me/hscfreepdf/1264,1264,1264,
2026-06-09,Telegram Image,Image,https://t.me/hscfreepdf/1263,1263,1263,
2026-06-09,Telegram Image,Image,https://t.me/hscfreepdf/1262,1262,1262,
2026-06-09,Telegram Image,Image,https://t.me/hscfreepdf/1261,1261,1261,
2026-06-09,Telegram Image,Image,https://t.me/hscfreepdf/1260,1260,1260,
2026-06-09,Telegram Image,Image,https://t.me/hscfreepdf/1259,1259,1259,
2026-06-09,পরিবেশ রসায়ন Full Chapter (Short Notes) Author : Sumaiya Suraiya [সুন্দর হয়েছে নোট টা],Image,https://t.me/hscfreepdf/1258,1258,1258,
2026-06-09,QNA Publication HSC Biology Notes,PDF,https://t.me/hscfreepdf/1257,1257,1257,@hscfreepdf qna_hsc_bio_notes.pdf
2026-06-09,তোমাদের কারো কাছে বিক্রি করার মতো গুগল প্লে কনসোল একাউন্ট থাকলে @bin_alid এ ম্যাসেজ করো। একেবারে নিউ ভ্যারিফায়েড হলেও হবে। t.me/bin_alid,Image,https://t.me/hscfreepdf/1256,1256,1256,
2026-06-09,Telegram Image,Image,https://t.me/hscfreepdf/1255,1255,1255,
2026-06-09,"ঢাকা বিশ্ববিদ্যালয়ে ২৫-২৬ সেশনে কোন সাবজেক্ট পেতে কত পজিশন লেগেছে দেখে নাও! ------------------------------------------------------------------ Chorcha + E test Paper এর সকল ফিয়েচার, একদম ফ্রি! চ্যানেলঃ t.me/prostutibd web : prostuti.pages.d",Image,https://t.me/hscfreepdf/1254,1254,1254,
2026-06-07,Telegram Image,Image,https://t.me/hscfreepdf/1253,1253,1253,
2026-06-07,Telegram Image,Image,https://t.me/hscfreepdf/1252,1252,1252,
2026-06-07,Telegram Image,Image,https://t.me/hscfreepdf/1251,1251,1251,
2026-06-07,"Math, Chapter 1: ম্যাট্রিক্স ও নির্ণায়ক Full Chapter. (Short Notes) Author: sumaiya suraiya",Image,https://t.me/hscfreepdf/1250,1250,1250,
2026-06-07,টিস্যু ও টিস্যুতন্ত্র Pushpita Das Kona,Image,https://t.me/hscfreepdf/1249,1249,1249,
2026-06-07,Telegram Image,Image,https://t.me/hscfreepdf/1248,1248,1248,
2026-06-07,Telegram Image,Image,https://t.me/hscfreepdf/1247,1247,1247,
2026-06-07,Telegram Image,Image,https://t.me/hscfreepdf/1246,1246,1246,
2026-06-07,⚡কোষ বিভাজন (Full)🎖️ 🥇 Teacher : Dr. Rizvi Touhid (ভাইয়া) 🥈Noted by : ESHI MUM,Image,https://t.me/hscfreepdf/1245,1245,1245,
2026-06-05,"আইডিয়া খুবই সিম্পল আমি বিভিন্ন সোর্স থেকে বিভিন্ন চাপ্টারের লেখা বিভিন্ন নোটস একটা পোষ্ট এ সাজিয়ে দিবো। সবাই তো আর নোট করে পড়ে না। ধরো কেউ পর্যায়বৃত্ত গতি রিভিশন দিতে চাচ্ছে, সে এই ইন্ডেক্স থেকে ওই চাপ্টারের বিভিন্ন মানুষের করা নোটস দেখবে এ",Text,https://t.me/hscfreepdf/1244,1244,1244,
2026-06-05,HSC Notes : Physics ভেক্টর: নিউটনিয়ান বলবিদ্যা কাজ শক্তি ক্ষমতা : 1 • মহাকর্ষ অভিকর্ষ : 1 • পর্যায়বৃত্তগতি : 1 • 2 তরঙ্গ : 1 • আদর্শ গ্যাস ও গতিতত্ত্ব : 1 সেমিকন্ডাক্টর ও ইলেকট্রনিক্স : 1 • তাপগতিবিদ্যা: 1 • Chemistry গুণগত রসায়ন: 1 • পরিবে,Text,https://t.me/hscfreepdf/1243,1243,1243,
2026-06-05,Telegram Image,Image,https://t.me/hscfreepdf/1242,1242,1242,
2026-06-05,প্রত্যাবর্তন ৫.০ part 2 পরিমানগত রসায়ন Short note Milton Khandokar vaiya (MD Sobuj Hasan),Image,https://t.me/hscfreepdf/1241,1241,1241,
2026-06-05,Telegram Image,Image,https://t.me/hscfreepdf/1240,1240,1240,
2026-06-05,Telegram Image,Image,https://t.me/hscfreepdf/1239,1239,1239,
2026-06-05,Telegram Image,Image,https://t.me/hscfreepdf/1238,1238,1238,
2026-06-05,Telegram Image,Image,https://t.me/hscfreepdf/1237,1237,1237,
2026-06-05,Telegram Image,Image,https://t.me/hscfreepdf/1236,1236,1236,
2026-06-05,Telegram Image,Image,https://t.me/hscfreepdf/1235,1235,1235,
2026-06-05,Telegram Image,Image,https://t.me/hscfreepdf/1234,1234,1234,
2026-06-05,Telegram Image,Image,https://t.me/hscfreepdf/1233,1233,1233,
2026-06-05,Telegram Image,Image,https://t.me/hscfreepdf/1232,1232,1232,
2026-06-05,প্রত্যাবর্তন ৫.০ part 1 পরিমানগত রসায়ন Short note Milton Khandokar vaiya (MD Sobuj Hasan),Image,https://t.me/hscfreepdf/1231,1231,1231,
2026-06-05,Telegram Image,Image,https://t.me/hscfreepdf/1230,1230,1230,
2026-06-05,প্রত্যাবর্তন ৫.০ ⚡ পর্যায়বৃত্ত গতি (Full)🎖️ 🥇 Teacher : Md Sumon Hossen (ভাইয়া) 🥈Noted by : ESHI MUM,Image,https://t.me/hscfreepdf/1229,1229,1229,
2026-06-05,Telegram Image,Image,https://t.me/hscfreepdf/1228,1228,1228,
2026-06-05,প্রত্যাবর্তন ৫.০ ⚡মহাকর্ষ ও অভিকর্ষ (Full) Noted by : ESHI MUM,Image,https://t.me/hscfreepdf/1227,1227,1227,
2026-06-05,Telegram Image,Image,https://t.me/hscfreepdf/1226,1226,1226,
2026-06-05,Telegram Image,Image,https://t.me/hscfreepdf/1225,1225,1225,
2026-06-05,সরলরেখা Part 2 Md. Sumon Hossen Note: Jannatul Bushra,Image,https://t.me/hscfreepdf/1224,1224,1224,
2026-06-05,Telegram Image,Image,https://t.me/hscfreepdf/1223,1223,1223,
2026-06-05,Telegram Image,Image,https://t.me/hscfreepdf/1222,1222,1222,
2026-06-05,Telegram Image,Image,https://t.me/hscfreepdf/1221,1221,1221,
2026-06-05,Telegram Image,Image,https://t.me/hscfreepdf/1220,1220,1220,
2026-06-05,Telegram Image,Image,https://t.me/hscfreepdf/1219,1219,1219,
2026-06-05,Telegram Image,Image,https://t.me/hscfreepdf/1218,1218,1218,
2026-06-05,Telegram Image,Image,https://t.me/hscfreepdf/1217,1217,1217,
2026-06-05,Telegram Image,Image,https://t.me/hscfreepdf/1216,1216,1216,
2026-06-05,Telegram Image,Image,https://t.me/hscfreepdf/1215,1215,1215,
2026-06-05,সরলরেখা Part 1 Md. Sumon Hossen Note: Jannatul Bushra,Image,https://t.me/hscfreepdf/1214,1214,1214,
2026-06-05,Telegram Image,Image,https://t.me/hscfreepdf/1213,1213,1213,
2026-06-05,Telegram Image,Image,https://t.me/hscfreepdf/1212,1212,1212,
2026-06-05,Telegram Image,Image,https://t.me/hscfreepdf/1211,1211,1211,
2026-06-05,Telegram Image,Image,https://t.me/hscfreepdf/1210,1210,1210,
2026-06-05,পরিপাক ও শোষণ (Full) Noted by : ESHI MUM,Image,https://t.me/hscfreepdf/1209,1209,1209,
2026-06-05,Telegram Image,Image,https://t.me/hscfreepdf/1208,1208,1208,
2026-06-05,Telegram Image,Image,https://t.me/hscfreepdf/1207,1207,1207,
2026-06-05,তরঙ্গ Short Note - Physics Hunters(সুমন ভাই),Image,https://t.me/hscfreepdf/1206,1206,1206,
2026-06-04,"তোমাদের কাছে একটা রিকুয়েস্ট, আমার এপ এর চ্যানেল Prostuti তে আর মাত্র কিছু সাবস্ক্রাইবার হলেই আমাদের ১০০০ সাবস্ক্রাইবার পুরণ হবে! তোমরা যারা এপটি দেখোনি ইন্সটল করে দেখতে পারো।হতাশ হবে না কথা দিতে পারি।ভালো কিছু ফ্রিতে দেওয়া।আর প্লিজ চ্যানেলট",Image,https://t.me/hscfreepdf/1204,1204,1204,
2026-06-04,Telegram Media,Media,https://t.me/hscfreepdf/1203,1203,1203,
2026-06-03,যেসকল বিশ্ববিদ্যালয়ে সেকেন্ড টাইম আছে সেগুলোতে ২০২৫-২৬ সেশনে কোন চ্যাপ্টার থেকে কতগুলো প্রশ্ন এসেছে তার এনালাইসিস। যারা এবছর এডমিশন দিবে তোমরা সেভ করে রাখতে পারো। © Post Credit: Physics Hunters (tg : Pdf Nexus) Chorcha + E test Paper এর সকল,Image,https://t.me/hscfreepdf/1202,1202,1202,
2026-06-03,Telegram Image,Image,https://t.me/hscfreepdf/1201,1201,1201,
2026-06-03,Telegram Image,Image,https://t.me/hscfreepdf/1200,1200,1200,
2026-06-03,Telegram Image,Image,https://t.me/hscfreepdf/1199,1199,1199,
2026-06-03,"🎥 🔥 HSC'26 শেষ ৩০ দিনের প্রস্তুতি - A+ মিস না করতে চাইলে করণীয়! 👤 Rakib's Classroom - HSC (যারা দেখো নাই এই ভিডিও,দেখে নাও)",Video,https://t.me/hscfreepdf/1198,1198,1198,f7a02d5811e0_thumbsrc.mp4
2026-06-02,"Voice 3 HSC 26 এর ছেলেমেয়েদের উদ্যেশ্যে! সারোয়ার আবেদীন Dhaka University, Pharmacy Founder: @prostutibd",Audio,https://t.me/hscfreepdf/1197,1197,1197,
2026-06-02,Voice 2,Audio,https://t.me/hscfreepdf/1196,1196,1196,
2026-06-02,Voice 1,Audio,https://t.me/hscfreepdf/1195,1195,1195,
2026-06-02,✨𝐔𝐧𝐦𝐞𝐬𝐡 𝐌𝐞𝐝𝐢𝐜𝐚𝐥 𝐌𝐚𝐬𝐭𝐞𝐫 𝐐𝐁✨ 🌟 𝐄𝐝𝐢𝐭𝐢𝐨𝐧 : 𝟐𝟎𝟐𝟓-𝟐𝟔 [𝐋𝐚𝐭𝐞𝐬𝐭] 🔰 English 1st + 2nd Paper 📖 উন্মেষ মেডিকেল মাস্টার প্রশ্নব্যাংক 🏷 ইংরেজি ১ম এবং ২য় পত্র © PDF Credit - EducationBlog,PDF,https://t.me/hscfreepdf/1194,1194,1194,English - Unmesh Medical Master QB [2025-26 Edition] (1).pdf
2026-06-02,✨𝐔𝐧𝐦𝐞𝐬𝐡 𝐌𝐞𝐝𝐢𝐜𝐚𝐥 𝐌𝐚𝐬𝐭𝐞𝐫 𝐐𝐁✨ 🌟 𝐄𝐝𝐢𝐭𝐢𝐨𝐧 : 𝟐𝟎𝟐𝟓-𝟐𝟔 [𝐋𝐚𝐭𝐞𝐬𝐭] 🔰 Biology 1st + 2nd Paper 📖 উন্মেষ মেডিকেল মাস্টার প্রশ্নব্যাংক 🏷 জীববিজ্ঞান ১ম এবং ২য় পত্র,PDF,https://t.me/hscfreepdf/1193,1193,1193,Biology - Unmesh Medical Master QB [2025-26 Edition].pdf
2026-06-02,✨𝐔𝐧𝐦𝐞𝐬𝐡 𝐌𝐞𝐝𝐢𝐜𝐚𝐥 𝐌𝐚𝐬𝐭𝐞𝐫 𝐐𝐁✨ 🌟 𝐄𝐝𝐢𝐭𝐢𝐨𝐧 : 𝟐𝟎𝟐𝟓-𝟐𝟔 [𝐋𝐚𝐭𝐞𝐬𝐭] 🔰 Chemistry 1st + 2nd Paper 📖 উন্মেষ মেডিকেল মাস্টার প্রশ্নব্যাংক 🏷 রসায়ন ১ম এবং ২য় পত্র,PDF,https://t.me/hscfreepdf/1192,1192,1192,Chemistry - Unmesh Medical Master QB [2025-26 Edition].pdf
2026-06-02,✨𝐔𝐧𝐦𝐞𝐬𝐡 𝐌𝐞𝐝𝐢𝐜𝐚𝐥 𝐌𝐚𝐬𝐭𝐞𝐫 𝐐𝐁✨ 🌟 𝐄𝐝𝐢𝐭𝐢𝐨𝐧 : 𝟐𝟎𝟐𝟓-𝟐𝟔 [𝐋𝐚𝐭𝐞𝐬𝐭] 🔰 Physics 1st + 2nd Paper 📖 উন্মেষ মেডিকেল মাস্টার প্রশ্নব্যাংক 🏷 পদার্থবিজ্ঞান ১ম এবং ২য় পত্র,PDF,https://t.me/hscfreepdf/1191,1191,1191,Physics - Unmesh Medical Master QB [2025-26 Edition] (1).pdf
2026-06-02,"✨Aspect x Network - GST A Unit (Science) QB✨ 🌟 𝐄𝐝𝐢𝐭𝐢𝐨𝐧 : 𝟐𝟎𝟐𝟓-𝟐𝟔 [𝐋𝐚𝐭𝐞𝐬𝐭] 📖 আসপেক্ট গুচ্ছ বিজ্ঞান ইউনিট প্রশ্নব্যাংক 📋 কভার সূচিপত্র, বিগত সকল বছরের কোশ্চেন সলিউশন, অধ্যায়ভিত্তিক প্রশ্নব্যাংক এবং মডেল টেস্ট ⓒ PDF Credit : 𝐀𝐝𝐦𝐢𝐬𝐬𝐢𝐨𝐧 𝐒𝐭𝐮𝐟𝐟𝐬 J",PDF,https://t.me/hscfreepdf/1190,1190,1190,@AdmissionStuffs_Aspect GST Network - Full QB Combined (25-2.pdf
2026-06-02,✨Lecture HSC 26 Supplement✨ 🌟 𝐄𝐝𝐢𝐭𝐢𝐨𝐧 : 𝟐𝟎𝟐𝟔 [𝐋𝐚𝐭𝐞𝐬𝐭] 🏷 HSC 26 Supplement Books 📖 লেকচার ও পাঞ্জেরি পাবলিকেশন এর এইচএসসি ২৬ এর সাপ্লিমেন্ট বই ➜ Bangla 1st Paper ➜ Bangla 2nd Paper ➜ ICT ➜ Physics 1st Paper ➜ Physics 2nd Paper ➜ Chemistry 1s,Image,https://t.me/hscfreepdf/1189,1189,1189,
2026-06-01,📱 Prostuti App – তোমার সাফল্যের স্মার্ট সঙ্গী! 📖 ডিজিটাল HSC টেস্ট পেপার 📅 বিগত বছরের প্রশ্ন ⚡ দ্রুত প্র্যাক্টিস সিস্টেম 🧩 টাইপওয়াইজ CQ (Chapter/Type based) 💥অনুশিলনী প্রায় ১২০০০+ প্রশ্নের ব্যাখ্যা সহ সমাধান টাইপ ওয়াইজ ভাবে সাজানো 🤖 প্রস্তু,APK,https://t.me/hscfreepdf/1188,1188,1188,app-arm64-v8a-release.apk
2026-06-01,উদ্ভাস প্যারালাল ট্যাক্সট বুক Sub : Botany Type: Parallel Text Book Author : Udvash Edition : HSC 2026 © Educationblog,PDF,https://t.me/hscfreepdf/1187,1187,1187,Botany - Udvash Parallel Text Book.pdf
2026-05-31,এইচএসসি_বাংলা_১ম_পত্র_দাগানো_বই_২০২৬.pdf ©️educationblog24 JOIN : @HscFreePdf,PDF,https://t.me/hscfreepdf/1186,1186,1186,এইচএসসি_বাংলা_১ম_পত্র_দাগানো_বই_২০২৬.pdf
2026-05-29,▣HSC 2026 জীববিজ্ঞান ২য় পত্র Type-wise CQ Solve PDF | Hsc Type Wise CQ Solve জীববিজ্ঞান ২য় পত্র 2026 PDF✨ 📝লেখক : Biggan Class 🏛️প্রতিষ্ঠান : টিম বিজ্ঞান ক্লাস JOIN : HSC PDF @HscFreePdf,PDF,https://t.me/hscfreepdf/1185,1185,1185,@PDFStudyBD_Type_Wise_CQ_Solve_জীববিজ্ঞান_দ্বিতীয়_পত্র_.pdf
2026-05-29,▣HSC 2026 জীববিজ্ঞান ১ম পত্র Type-wise CQ Solve PDF | Hsc Type Wise CQ Solve জীববিজ্ঞান ১ম পত্র 2026 PDF✨ 📝লেখক : Biggan Class 🏛️প্রতিষ্ঠান : টিম বিজ্ঞান ক্লাস,PDF,https://t.me/hscfreepdf/1184,1184,1184,@PDFStudyBD_Type_Wise_CQ_Solve_জীববিজ্ঞান_প্রথম_পত্র_.pdf
2026-05-29,Engineering Master QB - UDVASH Edition 26- 27 : PHY • CHEM • MATH,Text,https://t.me/hscfreepdf/1183,1183,1183,
2026-05-28,রেটিনা দাগানো বই ২০২৫ পেপার ওয়াইজ পদার্থবিজ্ঞান ১ম পত্র পদার্থবিজ্ঞান ২য় পত্র রসায়ন ১ম পত্র রসায়ন ২য় পত্র জীববিজ্ঞান ১ম পত্র জীববিজ্ঞান ২য় পত্র Join : @HscFreePdf,Text,https://t.me/hscfreepdf/1182,1182,1182,
2026-05-28,✨Retina Marked Book✨ 🌟 𝐄𝐝𝐢𝐭𝐢𝐨𝐧 : 𝟐𝟎𝟐𝟓 [𝐋𝐚𝐭𝐞𝐬𝐭 𝐄𝐝𝐢𝐭𝐢𝐨𝐧] 📖 রেটিনা দাগানো বই 📋 জীববিজ্ঞান ২য় পত্র দাগানো বই সম্পূর্ণ (আজমল স্যার),PDF,https://t.me/hscfreepdf/1181,1181,1181,@AdmissionStuffs_Retina_Biology_2nd_Paper_Azmal_Sir_Marked_Book.pdf
2026-05-28,✨Retina Marked Book✨ 🌟 𝐄𝐝𝐢𝐭𝐢𝐨𝐧 : 𝟐𝟎𝟐𝟓 [𝐋𝐚𝐭𝐞𝐬𝐭 𝐄𝐝𝐢𝐭𝐢𝐨𝐧] 📖 রেটিনা দাগানো বই 📋 জীববিজ্ঞান ১ম পত্র দাগানো বই সম্পূর্ণ (হাসান স্যার),PDF,https://t.me/hscfreepdf/1180,1180,1180,@AdmissionStuffs_Retina_Biology_1st_Paper_Hasan_Sir_Marked_Book.pdf
2026-05-28,✨Retina Marked Book✨ 🌟 𝐄𝐝𝐢𝐭𝐢𝐨𝐧 : 𝟐𝟎𝟐𝟓 [𝐋𝐚𝐭𝐞𝐬𝐭 𝐄𝐝𝐢𝐭𝐢𝐨𝐧] 📖 রেটিনা দাগানো বই 📋 রসায়ন ২য় পত্র দাগানো বই সম্পূর্ণ (হাজারী স্যার),PDF,https://t.me/hscfreepdf/1179,1179,1179,@AdmissionStuffs_Retina_Chemistry_2nd_Paper_Hajari_Sir_Marked_Book.pdf
2026-05-28,✨Retina Marked Book✨ 🌟 𝐄𝐝𝐢𝐭𝐢𝐨𝐧 : 𝟐𝟎𝟐𝟓 [𝐋𝐚𝐭𝐞𝐬𝐭 𝐄𝐝𝐢𝐭𝐢𝐨𝐧] 📖 রেটিনা দাগানো বই 📋 রসায়ন ১ম পত্র দাগানো বই সম্পূর্ণ (হাজারী স্যার),PDF,https://t.me/hscfreepdf/1178,1178,1178,@AdmissionStuffs_Retina_Chemistry_1st_Paper_Hajari_Sir_Marked_Book.pdf
2026-05-28,✨Retina Marked Book✨ 🌟 𝐄𝐝𝐢𝐭𝐢𝐨𝐧 : 𝟐𝟎𝟐𝟓 [𝐋𝐚𝐭𝐞𝐬𝐭 𝐄𝐝𝐢𝐭𝐢𝐨𝐧] 📖 রেটিনা দাগানো বই 📋 পদার্থবিজ্ঞান ২য় পত্র দাগানো বই সম্পূর্ণ (ইসহাক স্যার),PDF,https://t.me/hscfreepdf/1177,1177,1177,@AdmissionStuffs_Physics_2nd_Paper_Ishak_Sir_Marked_Book_2025_26.pdf
2026-05-28,✨Retina Marked Book✨ 🌟 𝐄𝐝𝐢𝐭𝐢𝐨𝐧 : 𝟐𝟎𝟐𝟓 [𝐋𝐚𝐭𝐞𝐬𝐭 𝐄𝐝𝐢𝐭𝐢𝐨𝐧] 📖 রেটিনা দাগানো বই 📋 পদার্থবিজ্ঞান ১ম পত্র দাগানো বই সম্পূর্ণ (ইসহাক স্যার),PDF,https://t.me/hscfreepdf/1176,1176,1176,@AdmissionStuffs_Physics_1st_Paper_Ishak_Sir_Marked_Book_2025_26.pdf
2026-05-27,EID MUBARAK 💛,Image,https://t.me/hscfreepdf/1175,1175,1175,
2026-05-23,b5ae9ac6-fa44-4e9b-a99b-a947adf9f893,PDF,https://t.me/hscfreepdf/1174,1174,1174,b5ae9ac6-fa44-4e9b-a99b-a947adf9f893.pdf
2026-05-23,23c699e3-eca6-4e97-9bdd-5134ad5c77b3,PDF,https://t.me/hscfreepdf/1173,1173,1173,23c699e3-eca6-4e97-9bdd-5134ad5c77b3.pdf
2026-05-23,a111fa4f-c6cc-4c32-852e-84f759136f89,PDF,https://t.me/hscfreepdf/1172,1172,1172,a111fa4f-c6cc-4c32-852e-84f759136f89.pdf
2026-05-23,6b51f76d-c76d-48be-943f-1db88852407b,PDF,https://t.me/hscfreepdf/1171,1171,1171,6b51f76d-c76d-48be-943f-1db88852407b.pdf
2026-05-23,f5eacfc6-c723-4d78-917e-c426a06ce4db,PDF,https://t.me/hscfreepdf/1170,1170,1170,f5eacfc6-c723-4d78-917e-c426a06ce4db.pdf
2026-05-23,754d7308-2b42-4a40-b8cc-6fd82f301c3f,PDF,https://t.me/hscfreepdf/1169,1169,1169,754d7308-2b42-4a40-b8cc-6fd82f301c3f.pdf
2026-05-23,a2fa9894-ff7a-4291-b567-07aa926244c4,PDF,https://t.me/hscfreepdf/1168,1168,1168,a2fa9894-ff7a-4291-b567-07aa926244c4.pdf
2026-05-23,fb87d512-db8d-449e-9705-4078357f0057,PDF,https://t.me/hscfreepdf/1167,1167,1167,fb87d512-db8d-449e-9705-4078357f0057.pdf
2026-05-23,dfcb6801-fd26-48cc-87a1-79bdd91222d1,PDF,https://t.me/hscfreepdf/1166,1166,1166,dfcb6801-fd26-48cc-87a1-79bdd91222d1.pdf
2026-05-23,d946660a-50e1-4232-bfe9-42d50a8f6b40,PDF,https://t.me/hscfreepdf/1165,1165,1165,d946660a-50e1-4232-bfe9-42d50a8f6b40.pdf
2026-05-23,62f330f1-1ebc-4630-8adc-2ef1150c1da1,PDF,https://t.me/hscfreepdf/1164,1164,1164,62f330f1-1ebc-4630-8adc-2ef1150c1da1.pdf
2026-05-23,5699db0c-34c7-4a8b-879c-b4e1a33b6d7e,PDF,https://t.me/hscfreepdf/1163,1163,1163,5699db0c-34c7-4a8b-879c-b4e1a33b6d7e.pdf
2026-05-23,4dbbdf02-bcf6-4460-b4a9-a21561feebf2,PDF,https://t.me/hscfreepdf/1162,1162,1162,4dbbdf02-bcf6-4460-b4a9-a21561feebf2.pdf
2026-05-23,df7767e4-ab9d-426b-bc00-dc492db26b12,PDF,https://t.me/hscfreepdf/1161,1161,1161,df7767e4-ab9d-426b-bc00-dc492db26b12.pdf
2026-05-23,0e464b33-f7bf-4647-997a-b54d287158ca,PDF,https://t.me/hscfreepdf/1160,1160,1160,0e464b33-f7bf-4647-997a-b54d287158ca.pdf
2026-05-23,837d15bd-2802-4879-8c9f-472f04827b89,PDF,https://t.me/hscfreepdf/1159,1159,1159,837d15bd-2802-4879-8c9f-472f04827b89.pdf
2026-05-23,8d61a290-faba-4628-9962-54483b39ce7c,PDF,https://t.me/hscfreepdf/1158,1158,1158,8d61a290-faba-4628-9962-54483b39ce7c.pdf
2026-05-23,e1aa37ed-0418-479d-bfcb-e7db991235e8,PDF,https://t.me/hscfreepdf/1157,1157,1157,e1aa37ed-0418-479d-bfcb-e7db991235e8.pdf
2026-05-23,7a5363a3-79ad-4e33-9b2a-ff4d64d46105,PDF,https://t.me/hscfreepdf/1156,1156,1156,7a5363a3-79ad-4e33-9b2a-ff4d64d46105.pdf
2026-05-23,65e48d0e-6a54-4f69-b8cf-672e0bce62d0,PDF,https://t.me/hscfreepdf/1155,1155,1155,65e48d0e-6a54-4f69-b8cf-672e0bce62d0.pdf
2026-05-23,1d4d2e83-8338-483f-a2b0-96b1c9d292f0,PDF,https://t.me/hscfreepdf/1154,1154,1154,1d4d2e83-8338-483f-a2b0-96b1c9d292f0.pdf
2026-05-23,f02ef709-52b2-4832-9555-8f9b1afc25f6,PDF,https://t.me/hscfreepdf/1153,1153,1153,f02ef709-52b2-4832-9555-8f9b1afc25f6.pdf
2026-05-23,0f8b582c-5a51-49ce-92a8-d0c535b81753,PDF,https://t.me/hscfreepdf/1152,1152,1152,0f8b582c-5a51-49ce-92a8-d0c535b81753.pdf
2026-05-23,63c6443f-4345-41ba-95db-a151a970ab23,PDF,https://t.me/hscfreepdf/1151,1151,1151,63c6443f-4345-41ba-95db-a151a970ab23.pdf
2026-05-22,Telegram Image,Image,https://t.me/hscfreepdf/1149,1149,1149,
2026-05-22,"সেই চিরচেনা ময়মনসিংহ ব্রিজ এর জ্যামে পড়ে গেছি! যাই হোক, এই ছুটিতে এপে অনেক ভালো কাজ আসলে আশা করছি।তোমাদের যেকোনো ফিয়েচার নিয়ে অভিযোগ, সাজেশন, যেকোনো কিছু জানাতে পারো @prostutibot এ। আর আমার আগের প্রতিশ্রুতি দেওয়া ফিয়েচার গুলো তো থাকছেই! এক ",Image,https://t.me/hscfreepdf/1148,1148,1148,
2026-05-21,উদ্ভাসের সাথে শিক্ষার্থী হিসেবে শেষ দেখা! May allah fulfill you dream too!❤️,Image,https://t.me/hscfreepdf/1147,1147,1147,
2026-05-20,✨𝐇𝐒𝐂 𝐏𝐚𝐫𝐚𝐥𝐥𝐞𝐥 𝐓𝐞𝐱𝐭𝐛𝐨𝐨𝐤 - 𝐁𝐚𝐧𝐠𝐥𝐚 𝟏𝐬𝐭 𝐅𝐮𝐥𝐥✨ 🌟 𝗘𝗱𝗶𝘁𝗶𝗼𝗻 : 𝗛𝗦𝗖 𝟮𝟬𝟮𝟲 📖 এইচএসসি উদ্ভাস প্যারালাল বুক 🏷 বাংলা ১ম পত্র - সম্পূর্ণ © PDF Credit : EducationBlog,PDF,https://t.me/hscfreepdf/1146,1146,1146,HSC Bangla 1st Parallel Text-Book [Latest Edition- 2026].pdf
2026-05-20,✨HSC Parallel Text-book ICT (𝐏𝐚𝐫𝐭𝐢𝐚𝐥)✨ 🌟 𝗘𝗱𝗶𝘁𝗶𝗼𝗻 : 𝗛𝗦𝗖 𝟮𝟬𝟮𝟲 📖 এইচএসসি উদ্ভাস প্যারালাল বুক 🏷 আইসিটি - অধ্যায় ৩ ------------------------------------------- ©️Hsc Stuffs,PDF,https://t.me/hscfreepdf/1145,1145,1145,ICT PARRARAL TEXBOOK (৩য় অধ্যায়).pdf
2026-05-20,✨HSC Parallel Text-book ICT (𝐏𝐚𝐫𝐭𝐢𝐚𝐥)✨ 🌟 𝗘𝗱𝗶𝘁𝗶𝗼𝗻 : 𝗛𝗦𝗖 𝟮𝟬𝟮𝟲 📖 এইচএসসি উদ্ভাস প্যারালাল বুক 🏷 আইসিটি - অধ্যায় ২,PDF,https://t.me/hscfreepdf/1144,1144,1144,ICTC2 - Watermarked.pdf
2026-05-20,Telegram Image,Image,https://t.me/hscfreepdf/1143,1143,1143,
2026-05-20,Udvash HSC 26 MT 🌟 MCQ Booster Exam - Biology ©️hsc stuffs 📌 Biology MCQ Booster Exam 1-5.BDADD 6-10.BACDD 11-15.BAAAC 16-20.DCAAC 21-25.ADBDA 26-30.CAACA 31-35.BDDBC 36-40.BCBDA 41-45.ACCCA 46-50.ABDCB 51-55.BDDBC 56-60.DCDCC 61-65.BACBC 6,Image,https://t.me/hscfreepdf/1142,1142,1142,
2026-05-20,Telegram Image,Image,https://t.me/hscfreepdf/1141,1141,1141,
2026-05-20,Udvash HSC 26 MT 🌟 MCQ Booster Exam - Chemistry ©️hsc stuffs 📌 Chemistry MCQ Booster Exam 1-5.CCBAC 6-10.DBDBD 11-15.CDADD 16-20.DDDCA 21-25.BBABA 26-30.ACDBA 31-35.AABDA 36-40.CBBBC 41-45.CDBCA 46-50.DDAAD 51-55.AADDD 56-60.CBCCD 61-65.DDD,Image,https://t.me/hscfreepdf/1140,1140,1140,
2026-05-20,Telegram Image,Image,https://t.me/hscfreepdf/1139,1139,1139,
2026-05-20,Udvash HSC 26 MT 🌟 MCQ Booster Exam - Physics ©️Hsc Stuffs Answer 1-5.CAAAC 6-10.DBCDB 11-15.ADDBB 16-20.DBCCA 21-25.BBDAC 26-30.BBADD 31-35.ACACB 36-40.CCBDD 41-45.ADACB 46-50.ABACA 51-55.AAADB 56-60.CDCAC 61-65.ADBAC 66-70.DBDAA 71-75.DCD,Image,https://t.me/hscfreepdf/1138,1138,1138,
2026-05-18,🔰HSC 2026 পদার্থবিজ্ঞান ২য় পত্র Type-wise CQ Solve PDF | Hsc Type Wise CQ Solve Physics 2nd Paper 2026 PDF✨ 📝লেখক : Biggan Class ©Educationblog24,PDF,https://t.me/hscfreepdf/1137,1137,1137,@PDFNexus_Biggan_Class_Type_Wise_CQ_Solve_Physics_2nd_Paper_2026.pdf
2026-05-18,🔰এইচএসসি তথ্য ও যোগাযোগ প্রযুক্তি গাইড | HSC ICT Guide ✨ ⏰সংস্করন : ২০২৭ (সর্বশেষ) ©Educationblog24 📑 খন্ড : ২(এমসিকিউ),PDF,https://t.me/hscfreepdf/1136,1136,1136,@PDFNexus_এইচএসসি_২০২৭_তথ্য_ও_যোগাযোগ_গাইড_এমসিকিউ_অংশ_লেকচার_সিরিজ.pdf
2026-05-18,🔰এইচএসসি তথ্য ও যোগাযোগ প্রযুক্তি গাইড | HSC ICT Guide ✨ ⏰সংস্করন : ২০২৭ (সর্বশেষ) ©Educationblog24 📑 খন্ড : ১(সৃজনশীল),PDF,https://t.me/hscfreepdf/1135,1135,1135,@PDFNexus_এইচএসসি_২০২৭_তথ্য_ও_যোগাযোগ_গাইড_সৃজনশীল_অংশ_লেকচার_সিরিজ.pdf
2026-05-15,ম্যাথ শর্ট নোট.pdf Join : HSC PDF,PDF,https://t.me/hscfreepdf/1134,1134,1134,ম্যাথ শর্ট নোট.pdf
2026-05-14,📱 Prostuti App – তোমার সাফল্যের স্মার্ট সঙ্গী! 📖 ডিজিটাল HSC টেস্ট পেপার 📅 বিগত বছরের প্রশ্ন ⚡ দ্রুত প্র্যাক্টিস সিস্টেম 🧩 টাইপওয়াইজ CQ (Chapter/Type based) 🤖 প্রস্তুতি AI (Smart Assistance) 🎯 ভার্সিটি | 🏥 মেডিকেল | ⚙️ ইঞ্জিনিয়ারিং প্রশ্নব্,APK,https://t.me/hscfreepdf/1133,1133,1133,Prostuti_v1.0.3.apk
2026-05-14,✨Type Wise CQ Solve - Physics 1st Paper✨ 🌟 𝐄𝐝𝐢𝐭𝐢𝐨𝐧 : 2026 [Latest] 📖 টাইপভিত্তিক সৃজনশীল সলিউশন 🏷 পদার্থবিজ্ঞান ১ম পত্র ⓒ PDF Credit : EducationBlog,PDF,https://t.me/hscfreepdf/1132,1132,1132,@AdmissionStuffs_Type Wise CQ Solve - Physics 1st Paper (202.pdf
2026-05-13,জীববিজ্ঞান ২য় পত্রের (প্রাণিবিজ্ঞান) জন্য গুরুত্বপূর্ণ সৃজনশীল (CQ) টপিক Suggestion Collected from Bio boost | MG X BH Join : @HscFreePdf,Image,https://t.me/hscfreepdf/1131,1131,1131,
2026-05-13,Telegram Image,Image,https://t.me/hscfreepdf/1130,1130,1130,
2026-05-13,Telegram Image,Image,https://t.me/hscfreepdf/1129,1129,1129,
2026-05-13,Telegram Image,Image,https://t.me/hscfreepdf/1128,1128,1128,
2026-05-13,Telegram Image,Image,https://t.me/hscfreepdf/1127,1127,1127,
2026-05-13,Telegram Image,Image,https://t.me/hscfreepdf/1126,1126,1126,
2026-05-13,Telegram Image,Image,https://t.me/hscfreepdf/1125,1125,1125,
2026-05-13,Telegram Image,Image,https://t.me/hscfreepdf/1124,1124,1124,
2026-05-13,Telegram Image,Image,https://t.me/hscfreepdf/1123,1123,1123,
2026-05-13,Telegram Image,Image,https://t.me/hscfreepdf/1122,1122,1122,
2026-05-13,Telegram Image,Image,https://t.me/hscfreepdf/1121,1121,1121,
2026-05-13,Telegram Image,Image,https://t.me/hscfreepdf/1120,1120,1120,
2026-05-13,Telegram Image,Image,https://t.me/hscfreepdf/1119,1119,1119,
2026-05-13,Telegram Image,Image,https://t.me/hscfreepdf/1118,1118,1118,
2026-05-13,Telegram Image,Image,https://t.me/hscfreepdf/1117,1117,1117,
2026-05-13,জীববিজ্ঞান ১ম পত্র (উদ্ভিদবিজ্ঞান) থেকে গুরুত্বপূর্ণ সৃজনশীল (CQ) টপিক Suggestion Collected from Bio boost | MG X BH Join : @HscFreePdf,Image,https://t.me/hscfreepdf/1116,1116,1116,
2026-05-13,"@HscFreePdf পদার্থ শর্ট নোট অন্য সাবজেক্ট এর গুলো ও লাগবে নাকি?রিয়েকশন দিও। শর্ট টাইমে রিভিশন যাতে দিতে পারো তাই এইগুলো দেওয়া।বা অনেকেই নোট করে না, তাদের জন্যে। আমি চাচ্ছিলাম প্রতি সাবজেক্ট এর প্রতি চাপ্টার এর নোট আপলোড দিয়ে(শর্ট ও ফুল নোট)",PDF,https://t.me/hscfreepdf/1115,1115,1115,@HscFreePdf পদার্থ শর্ট নোট.pdf
2026-05-13,আদর্শ গ্যাস শর্ট নোট,Image,https://t.me/hscfreepdf/1114,1114,1114,
2026-05-12,রসায়ন প্রথম পত্র MCQ সাজেশন পিডিএফ ✨⚗️ ✦ ল্যাবরেটরির নিরাপদ ব্যবহার ✦ গুণগত রসায়ন ✦ মৌলের পর্যাবৃত্তধর্ম ও রাসায়নিক বন্ধন ✦ রাসায়নিক পরিবর্তন ✦ কর্মমুখী রসায়ন Collected From 𝐒𝐐𝐔𝐀𝐑𝐄 - 𝐄𝐧𝐠. 𝐏𝐥𝐚𝐭𝐟𝐨𝐫𝐦,Image,https://t.me/hscfreepdf/1113,1113,1113,
2026-05-12,"▫️ কর্মমুখী রসায়ন থেকে গুরুত্বপূর্ণ এম সি কিউ দেওয়া হল। এইগুলা অনেক কমপ্যাক্ট MCQ,ইনশাল্লাহ অনেক কিছুই কমন পাবে",PDF,https://t.me/hscfreepdf/1112,1112,1112,C1 কর্মমুখী রসায়ন.PDF
2026-05-12,"▫️ রাসায়নিক পরিবর্তন থেকে গুরুত্বপূর্ণ এম সি কিউ দেওয়া হল। এইগুলা অনেক কমপ্যাক্ট MCQ,ইনশাল্লাহ অনেক কিছুই কমন পাবে",PDF,https://t.me/hscfreepdf/1111,1111,1111,C1 রাসায়নিক পরিবর্তন.PDF
2026-05-12,"▫️ মৌলের পর্যাবৃত্ত ধর্ম ও রাসায়নিক বন্ধন থেকে গুরুত্বপূর্ণ এম সি কিউ দেওয়া হল। এইগুলা অনেক কমপ্যাক্ট MCQ,ইনশাল্লাহ অনেক কিছুই কমন পাবে",PDF,https://t.me/hscfreepdf/1110,1110,1110,C1_মৌলের_পর্যাবৃত্ত_ধর্ম_ও_রাসায়নিক_বন্ধন.PDF
2026-05-12,"▫️ ল্যাবরেটরী নিরাপদ ব্যবহার এবং গুণগত রসায়ন থেকে গুরুত্বপূর্ণ এম সি কিউ দেওয়া হল। এইগুলা অনেক কমপ্যাক্ট MCQ,ইনশাল্লাহ অনেক কিছুই কমন পাবে",PDF,https://t.me/hscfreepdf/1109,1109,1109,C1_ল্যাবরেটরী_নিরাপদ_ব্যবহার_এবং_গুণগত_রসায়ন.PDF
2026-05-12,HSC 2026 পদার্থবিজ্ঞান ২য় পত্র Type-wise CQ Solve PDF | Hsc Type Wise CQ Solve Physics 2nd Paper 2026 PDF ⓒ PDF Credit : Educational Blog,PDF,https://t.me/hscfreepdf/1108,1108,1108,Biggan_Class_Physics_2nd_Paper.pdf
2026-05-12,HSC 2026 পদার্থবিজ্ঞান ১ম পত্র Type-wise CQ Solve PDF | Hsc Type Wise CQ Solve Physics 1st Paper 2026 PDF ⓒ PDF Credit : Educational Blog,PDF,https://t.me/hscfreepdf/1107,1107,1107,Biggan_Class_Physics_1st_Paper (1).pdf
2026-05-12,Telegram Image,Image,https://t.me/hscfreepdf/1106,1106,1106,
2026-05-12,Telegram Image,Image,https://t.me/hscfreepdf/1105,1105,1105,
2026-05-12,Telegram Image,Image,https://t.me/hscfreepdf/1104,1104,1104,
2026-05-12,পর্যায়বৃত্ত গতি Full Chapter. ( Short Note) Join : @HscFreePdf,Image,https://t.me/hscfreepdf/1103,1103,1103,
2026-05-11,Telegram Image,Image,https://t.me/hscfreepdf/1102,1102,1102,
2026-05-11,কাজ শক্তি ক্ষমতা শর্ট নোট,Image,https://t.me/hscfreepdf/1101,1101,1101,
2026-05-11,ভেক্টর টাইপ ওয়াইজ ক + খ সাজেশন শীট,PDF,https://t.me/hscfreepdf/1100,1100,1100,Vector-ক+খ.pdf
2026-05-11,📱 Prostuti App – তোমার সাফল্যের স্মার্ট সঙ্গী! 📖 ডিজিটাল HSC টেস্ট পেপার 📅 বিগত বছরের প্রশ্ন ⚡ দ্রুত প্র্যাক্টিস সিস্টেম 🧩 টাইপওয়াইজ CQ (Chapter/Type based) 🤖 প্রস্তুতি AI (Smart Assistance) 🎯 ভার্সিটি | 🏥 মেডিকেল | ⚙️ ইঞ্জিনিয়ারিং প্রশ্নব্,APK,https://t.me/hscfreepdf/1099,1099,1099,Prostuti_v1.0.3.apk
2026-05-10,✨Lecture HSC 26 Supplement✨ 🌟 𝐄𝐝𝐢𝐭𝐢𝐨𝐧 : 𝟐𝟎𝟐𝟔 [𝐋𝐚𝐭𝐞𝐬𝐭] 🏷 HSC 26 Supplement Books 📖 লেকচার ও পাঞ্জেরি পাবলিকেশন এর এইচএসসি ২৬ এর সাপ্লিমেন্ট বই ➜ Bangla 1st Paper ➜ Bangla 2nd Paper ➜ ICT ➜ Physics 1st Paper ➜ Physics 2nd Paper ➜ Chemistry 1s,Image,https://t.me/hscfreepdf/1096,1096,1096,
2026-05-10,✨Lecture - HSC 2026 Biology 2nd Paper Supplement✨ 🌟 𝐄𝐝𝐢𝐭𝐢𝐨𝐧 : 𝐇𝐒𝐂 𝟐𝟎𝟐𝟔 [𝐋𝐚𝐭𝐞𝐬𝐭] 📖 লেকচার এইচএসসি সাপ্লিমেন্ট 📋 এইচএসসি ২৬ ব্যাচের জীববিজ্ঞান ২য় পত্র সাপ্লিমেন্ট 🔰Join HSC PDF @hscfreepdf,PDF,https://t.me/hscfreepdf/1095,1095,1095,@AdmissionStuffs_Lecture_HSC_2026_Biology_2nd_Paper_Supplement_Admission.pdf
2026-05-10,✨Lecture - HSC 2026 Biology 1st Paper Supplement✨ 🌟 𝐄𝐝𝐢𝐭𝐢𝐨𝐧 : 𝐇𝐒𝐂 𝟐𝟎𝟐𝟔 [𝐋𝐚𝐭𝐞𝐬𝐭] 📖 লেকচার এইচএসসি সাপ্লিমেন্ট 📋 এইচএসসি ২৬ ব্যাচের জীববিজ্ঞান ১ম পত্র সাপ্লিমেন্ট Join HSC PDF @hscfreepdf,PDF,https://t.me/hscfreepdf/1094,1094,1094,@AdmissionStuffs_Lecture_HSC_2026_Biology_1st_Paper_Supplement_Admission.pdf
2026-05-10,✨Panjeree - HSC 2026 Higher Math 2nd Paper Supplement✨ 🌟 𝐄𝐝𝐢𝐭𝐢𝐨𝐧 : 𝐇𝐒𝐂 𝟐𝟎𝟐𝟔 [𝐋𝐚𝐭𝐞𝐬𝐭] 📖 পাঞ্জেরি এইচএসসি সাপ্লিমেন্ট 📋 এইচএসসি ২৬ ব্যাচের উচ্চতর গণিত ২য় পত্র সাপ্লিমেন্ট Join HSC PDF @hscfreepdf,PDF,https://t.me/hscfreepdf/1093,1093,1093,@AdmissionStuffs_HSC_2026_Higher_Math_2nd_Paper_Supplement_Panjeree.pdf
2026-05-10,✨Lecture - HSC 2026 Higher Math 1st Paper Supplement✨ 🌟 𝐄𝐝𝐢𝐭𝐢𝐨𝐧 : 𝐇𝐒𝐂 𝟐𝟎𝟐𝟔 [𝐋𝐚𝐭𝐞𝐬𝐭] 📖 লেকচার এইচএসসি সাপ্লিমেন্ট 📋 এইচএসসি ২৬ ব্যাচের উচ্চতর গণিত ১ম পত্র সাপ্লিমেন্ট Join HSC PDF @hscfreepdf,PDF,https://t.me/hscfreepdf/1092,1092,1092,@AdmissionStuffs_HSC_2026_Higher_Math_1st_Paper_Supplement_Admission.pdf
2026-05-10,✨Lecture - HSC 2026 Chemistry 2nd Paper Supplement✨ 🌟 𝐄𝐝𝐢𝐭𝐢𝐨𝐧 : 𝐇𝐒𝐂 𝟐𝟎𝟐𝟔 [𝐋𝐚𝐭𝐞𝐬𝐭] 📖 লেকচার এইচএসসি সাপ্লিমেন্ট 📋 এইচএসসি ২৬ ব্যাচের রসায়ন ২য় পত্র সাপ্লিমেন্ট Join HSC PDF @hscfreepdf,PDF,https://t.me/hscfreepdf/1091,1091,1091,@AdmissionStuffs_Lecture_HSC_26_Chemistry_2nd_Paper_Supplement_Admission.pdf
2026-05-10,✨Lecture - HSC 2026 Chemistry 1st Paper Supplement✨ 🌟 𝐄𝐝𝐢𝐭𝐢𝐨𝐧 : 𝐇𝐒𝐂 𝟐𝟎𝟐𝟔 [𝐋𝐚𝐭𝐞𝐬𝐭] 📖 লেকচার এইচএসসি সাপ্লিমেন্ট 📋 এইচএসসি ২৬ ব্যাচের রসায়ন ১ম পত্র সাপ্লিমেন্ট Join HSC PDF @hscfreepdf,PDF,https://t.me/hscfreepdf/1090,1090,1090,@AdmissionStuffs_Lecture_HSC_26_Chemistry_1st_Paper_Supplement_Admission.pdf
2026-05-10,✨Panjeree - HSC 2026 Physics 2nd Paper Supplement✨ 🌟 𝐄𝐝𝐢𝐭𝐢𝐨𝐧 : 𝐇𝐒𝐂 𝟐𝟎𝟐𝟔 [𝐋𝐚𝐭𝐞𝐬𝐭] 📖 পাঞ্জেরি এইচএসসি সাপ্লিমেন্ট 📋 এইচএসসি ২৬ ব্যাচের পদার্থবিজ্ঞান ২য় পত্র সাপ্লিমেন্ট Join HSC PDF @hscfreepdf,PDF,https://t.me/hscfreepdf/1089,1089,1089,@AdmissionStuffs_HSC_2026_Physics_2nd_Paper_Supplement_Panjeree.pdf
2026-05-10,✨Lecture - HSC 2026 Physics 1st Paper Supplement✨ 🌟 𝐄𝐝𝐢𝐭𝐢𝐨𝐧 : 𝐇𝐒𝐂 𝟐𝟎𝟐𝟔 [𝐋𝐚𝐭𝐞𝐬𝐭] 📖 লেকচার এইচএসসি সাপ্লিমেন্ট 📋 এইচএসসি ২৬ ব্যাচের পদার্থবিজ্ঞান ১ম পত্র সাপ্লিমেন্ট Join HSC PDF @hscfreepdf,PDF,https://t.me/hscfreepdf/1088,1088,1088,@AdmissionStuffs_HSC_2026_Physics_1st_Paper_Supplement_Lecture_Admission.pdf
2026-05-10,✨Lecture - HSC 2026 ICT Supplement✨ 🌟 𝐄𝐝𝐢𝐭𝐢𝐨𝐧 : 𝐇𝐒𝐂 𝟐𝟎𝟐𝟔 [𝐋𝐚𝐭𝐞𝐬𝐭] 📖 লেকচার এইচএসসি সাপ্লিমেন্ট 📋 এইচএসসি ২৬ ব্যাচের আইসিটি সাপ্লিমেন্ট ⓒ PDF Credit : EducationBlog Join HSC PDF @hscfreepdf,PDF,https://t.me/hscfreepdf/1087,1087,1087,@AdmissionStuffs_Hsc_2026_Ict_Supplement_Lecture_Admission_Stuffs.pdf
2026-05-10,✨Lecture - HSC 2026 Bangla 2nd Paper Supplement✨ 🌟 𝐄𝐝𝐢𝐭𝐢𝐨𝐧 : 𝐇𝐒𝐂 𝟐𝟎𝟐𝟔 [𝐋𝐚𝐭𝐞𝐬𝐭] 📖 লেকচার এইচএসসি সাপ্লিমেন্ট 📋 এইচএসসি ২৬ ব্যাচের বাংলা ১ম পত্র সাপ্লিমেন্ট ⓒ PDF Credit : Admission Stuffs Join HSC PDF @hscfreepdf,PDF,https://t.me/hscfreepdf/1086,1086,1086,@AdmissionStuffs_Lecture Bangla 2nd Paper Supplement (HSC 26.pdf
2026-05-10,✨Lecture - HSC 2026 Bangla 1st Paper Supplement✨ 🌟 𝐄𝐝𝐢𝐭𝐢𝐨𝐧 : 𝐇𝐒𝐂 𝟐𝟎𝟐𝟔 [𝐋𝐚𝐭𝐞𝐬𝐭] 📖 লেকচার এইচএসসি সাপ্লিমেন্ট 📋 এইচএসসি ২৬ ব্যাচের বাংলা ১ম পত্র সাপ্লিমেন্ট ⓒ PDF Credit : EducationBlog Join HSC PDF @hscfreepdf,PDF,https://t.me/hscfreepdf/1085,1085,1085,@AdmissionStuffs_Hsc_2026_Bangla_1st_Paper_Supplement_Lecture_Admission.pdf
2026-05-10,Organic Chemistry MindMap (Udvash) Join : HSC PDF (@hscfreepdf),PDF,https://t.me/hscfreepdf/1083,1083,1083,Mind Map Of Organic Chemistry.pdf
2026-05-10,🔰এইচএসসি ভূগোল ২য় পত্র টেস্ট পেপার পিডিএফ | HSC Geography 2nd Test Paper 2026 PDF✨ ⏰সংস্করন : ২০২৬ (সর্বশেষ) 📋 প্রশ্ন+উত্তরপত্র ©Educationblog24,PDF,https://t.me/hscfreepdf/1082,1082,1082,@PDFNexus_এইচএসসি_ভূগোল_২য়_পত্র_টেস্টপেপার_২০২৬.pdf
2026-05-10,🔰এইচএসসি ভূগোল ১ম পত্র টেস্ট পেপার পিডিএফ | HSC Geography 1st Test Paper 2026 PDF✨ ⏰সংস্করন : ২০২৬ (সর্বশেষ) 📋 প্রশ্ন+উত্তরপত্র ©Educationblog24,PDF,https://t.me/hscfreepdf/1081,1081,1081,@PDFNexus_এইচএসসি_ভূগোল_১ম_পত্র_টেস্টপেপার_২০২৬.pdf
2026-05-09,"Abul Hasan Chapter 1- প্রাণীর বিভিন্নতা ও শ্রেণিবিন্যাস 1st Edition Boost Book Pdf এর HSC MCQ, Medical, সব ভার্সিটি, প্রশ্ন মার্ক করে দেওয়া আছে। শুধু PDF পড়লেই তোমার অলরেডি Varsity MAT HSC MCQ অটোমেটিক পড়া শেষ! আর হ্যাঁ, মার্ক করা লাইনগুল",PDF,https://t.me/hscfreepdf/1080,1080,1080,BOOST_BOOK_প্রাণীর_বিভিন্নতা_ও_শ্রেণিবিন্যাস_.pdf
2026-05-09,✨ NCTB HSC BOARD TEXT BOOK - উচ্চ মাধ্যমিক বোর্ড বই ✨ 🔖 সংস্করণ: 𝐇𝐒𝐂 𝟐𝟎𝟐𝟔 📒 বোর্ড টেক্সট বই 📖 আইসিটি 📌 𝐀𝐮𝐭𝐡𝐨𝐫 : NCTB,PDF,https://t.me/hscfreepdf/1079,1079,1079,আইসিটি.pdf
2026-05-09,✨ NCTB HSC BOARD TEXT BOOK - উচ্চ মাধ্যমিক বোর্ড বই ✨ 🔖 সংস্করণ: 𝐇𝐒𝐂 𝟐𝟎𝟐𝟔 📒 বোর্ড টেক্সট বই 📖 English for Today 📌 𝐀𝐮𝐭𝐡𝐨𝐫 : NCTB,PDF,https://t.me/hscfreepdf/1078,1078,1078,English For Today.pdf
2026-05-09,✨ NCTB HSC BOARD TEXT BOOK - উচ্চ মাধ্যমিক বোর্ড বই ✨ 🔖 সংস্করণ: 𝐇𝐒𝐂 𝟐𝟎𝟐𝟔 📒 বোর্ড টেক্সট বই 📖 সহপাঠ 📌 𝐀𝐮𝐭𝐡𝐨𝐫 : NCTB,PDF,https://t.me/hscfreepdf/1077,1077,1077,সহপাঠ.pdf
2026-05-09,✨ NCTB HSC BOARD TEXT BOOK - উচ্চ মাধ্যমিক বোর্ড বই ✨ 🔖 সংস্করণ: 𝐇𝐒𝐂 𝟐𝟎𝟐𝟔 📒 বোর্ড টেক্সট বই 📖 সাহিত্য পাঠ 📌 𝐀𝐮𝐭𝐡𝐨𝐫 : NCTB,PDF,https://t.me/hscfreepdf/1076,1076,1076,সাহিত্যপাঠ.pdf
2026-05-08,🚨 ICT Main Book 🔗 Lecture Publication,PDF,https://t.me/hscfreepdf/1075,1075,1075,"লেকচার_পাবলিকেশন_তথ্য_ও_যোগাযোগ_প্রযুক্তি_প্রকাশ_কুমার_দাস,_প্রকৌশ.pdf"
2026-05-08,🚨 ICT Main Book 🔗 Okkhorpotro Prokashoni,PDF,https://t.me/hscfreepdf/1074,1074,1074,Information&Communication_Technology_HSC_www_admissionwar_com.pdf
2026-05-08,"🚨 ICT Dagano Boi এটি আইসিটি এর দাগানো বই। ১ম ও ২য় অধ্যায় এর জন্য অনেক হেল্পফুল হবে, একইসাথে ৩য় অধ্যায় এর ডিজিটাল ডিভাইস অংশ এবং ৪র্থ ও ৫ম অধ্যায়েও কাজে লাগাতে পারবে...",PDF,https://t.me/hscfreepdf/1073,1073,1073,Ict Dagano Book.pdf
2026-05-08,"🚨 ICT Main Book 🔗 Mahbubur Rahman (Systech Publication) এই বইটি একটি পারফেক্ট বই, যদি কেউ একাডেমিক সময়ে এই বই ফলো করে তাহলে আইসিটি এর জন্য আলাদা করে আর কিছু লাগবে। বইটি একদম একের ভিতর সব..!!!",PDF,https://t.me/hscfreepdf/1072,1072,1072,ict Mahbubur Rahman 2025.pdf
2026-05-08,[দাগানো] সিরাজউদ্দৌলা ✔️ রিভিশন দেওয়ার জন্য দাগানো লাইনগুলো গুরুত্বপূর্ণ © PDF Credit : Sabas,PDF,https://t.me/hscfreepdf/1071,1071,1071,সিরাজউদ্দৌলা_দাগানো_বই.pdf
2026-05-08,[দাগানো] লালসালু ✔️ রিভিশন দেওয়ার জন্য দাগানো লাইনগুলো গুরুত্বপূর্ণ © PDF Credit : Sabas,PDF,https://t.me/hscfreepdf/1070,1070,1070,লালসালু - দাগানো বই.pdf
2026-05-07,https://t.me/prostutibd/81,Image,https://t.me/hscfreepdf/1069,1069,1069,
2026-05-07,এইচএসসি তথ্য ও যোগাযোগ প্রযুক্তি (ICT) সাপ্লিমেন্ট ২০২৬ PDF Link: https://t.me/hscfreepdf/1066,Image,https://t.me/hscfreepdf/1067,1067,1067,
2026-05-07,Hsc_Ict_Supplement_2026,PDF,https://t.me/hscfreepdf/1066,1066,1066,Hsc_Ict_Supplement_2026.pdf
2026-05-06,Ganitik Rosayon: গাণিতিক রসায়ন ১ম পত্র pdf ২০২৬ | Mathematical chemistry 1st paper pdf,PDF,https://t.me/hscfreepdf/1065,1065,1065,অক্ষরপত্র_গাণিতিক_রসায়ন_১ম_পত্র.pdf
2026-05-06,Qps English Paper | Hsc Quick Preparation Series English 1st Paper Pdf for HSC 26 🎁,PDF,https://t.me/hscfreepdf/1064,1064,1064,qps English Paper 1.pdf
2026-05-06,🔰রয়েল কুইক প্রিপারেশন সিরিজ বুক পিডিএফ | Royal QPS Series Book PDF✨ 📚বিষয় : বাংলা ১ম পত্র ©Educationblog24 ©️𝐏𝐃𝐅 𝐍𝐞𝐱𝐮𝐬(TG) ⏰সংস্করন : ২০২৬ (সর্বশেষ) Join: @HscFreePdf,PDF,https://t.me/hscfreepdf/1063,1063,1063,@PDFNexus_HSC QPS Series Bangla 1st Paper book.pdf
2026-05-05,✨ACS Compact Series - Bangla 2nd Paper✨ 🌟 𝐄𝐝𝐢𝐭𝐢𝐨𝐧 : 2026 [Latest] 📖 এসিএস এইচএসসি কম্প্যাক্ট সিরিজ 🏷 বাংলা ২য় পত্র ⓒ PDF Credit : EducationBlog,PDF,https://t.me/hscfreepdf/1062,1062,1062,@AdmissionStuffs_Hsc Acs Compact Series Bangla 2nd (2026).pdf
2026-05-04,Hsc Metro publication physics 1st paper pdf গাণিতিক পদার্থবিজ্ঞান Link: https://t.me/hscfreepdf/1059,Image,https://t.me/hscfreepdf/1060,1060,1060,
2026-05-04,Hsc Metro publication physics 1st paper pdf গানিতিক_পদার্থবিজ্ঞান_১ম_পত্র_মেট্রো_.pdf Join : @HscFreePdf,PDF,https://t.me/hscfreepdf/1059,1059,1059,@HscFreePdf_গানিতিক_পদার্থবিজ্ঞান_১ম_পত্র_মেট্রো_.pdf
2026-05-04,আমার এই চ্যানেলের অডিয়েন্স বোঝার জন্যে এই পোলটি দেওয়া হচ্ছে!,Media,https://t.me/hscfreepdf/1058,1058,1058,
2026-05-04,"জীববিজ্ঞান Chapter 4 -BLOOD AND CIRCULATION এর HSC MCQ, Medical, সব ভার্সিটি প্রশ্ন মার্ক করে দেওয়া আছে। আর হ্যাঁ, মার্ক করা লাইনগুলো অবশ্যই পড়বে। বিশেষ করে Green line আর Red line — ভাই, শুধু PDF পড়লেই তোমার অলরেডি Varsity MAT HSC MCQ অটোম",PDF,https://t.me/hscfreepdf/1057,1057,1057,BLOOD AND CIRCULATION.pdf
2026-05-03,🔰উদ্ভাস এসএসসি জীববিজ্ঞান প্রশ্নব্যাংক পিডিএফ | Udvash SSC Biology Question Bank PDF✨ 📝লেখক : উদ্ভাস ⏰সংস্করন : ২০২৬ (সর্বশেষ) Collected from PDF Nexus!,PDF,https://t.me/hscfreepdf/1056,1056,1056,@PDFNexus_Udvash SSC Biology board Question.pdf
2026-05-03,🔰উদ্ভাস এসএসসি রসায়ন প্রশ্নব্যাংক পিডিএফ | Udvash SSC Chemistry Question Bank PDF✨ 📝লেখক : উদ্ভাস ⏰সংস্করন : ২০২৬ (সর্বশেষ),PDF,https://t.me/hscfreepdf/1055,1055,1055,@PDFNexus_Udvash SSC Chemistry board question Bank.pdf
2026-05-03,🔰উদ্ভাস এসএসসি পদার্থবিজ্ঞান প্রশ্নব্যাংক পিডিএফ | Udvash SSC Physics Question Bank PDF✨ 📝লেখক : উদ্ভাস ⏰সংস্করন : ২০২৬ (সর্বশেষ),PDF,https://t.me/hscfreepdf/1054,1054,1054,@PDFNexus_Udvash SSC Physics board question Bank.pdf
2026-05-03,🔰উদ্ভাস এসএসসি সাধারণ গনিত প্রশ্নব্যাংক পিডিএফ | Udvash SSC General Math Question Bank PDF✨ 📝লেখক : উদ্ভাস ⏰সংস্করন : ২০২৬ (সর্বশেষ),PDF,https://t.me/hscfreepdf/1053,1053,1053,@PDFNexus_Udvash SSC General Math board question Bank.pdf
2026-05-03,🔰উদ্ভাস এসএসসি ইসলাম শিক্ষা প্রশ্নব্যাংক পিডিএফ | Udvash SSC Islam Sikkha Question Bank PDF✨ 📝লেখক : উদ্ভাস ⏰সংস্করন : ২০২৬ (সর্বশেষ),PDF,https://t.me/hscfreepdf/1052,1052,1052,@PDFNexus_Udvash SSC Islam Sikkha board question Bank.pdf
2026-05-03,🔰উদ্ভাস এসএসসি বাংলাদেশ ও বিশ্বপরিচয় প্রশ্নব্যাংক পিডিএফ | Udvash SSC BGS Question Bank PDF✨ 📝লেখক : উদ্ভাস ⏰সংস্করন : ২০২৬ (সর্বশেষ),PDF,https://t.me/hscfreepdf/1051,1051,1051,@PDFNexus_Udvash SSC BGS board question Bank.pdf
2026-05-03,🔰উদ্ভাস এসএসসি তথ্য ও যোগাযোগ প্রযুক্তি প্রশ্নব্যাংক পিডিএফ | Udvash SSC ICT Question Bank PDF✨ 📝লেখক : উদ্ভাস ⏰সংস্করন : ২০২৬ (সর্বশেষ),PDF,https://t.me/hscfreepdf/1050,1050,1050,@PDFNexus_Udvash SSC ICT board question Bank.pdf
2026-05-03,🔰উদ্ভাস এসএসসি বাংলা ২য় পত্র প্রশ্নব্যাংক পিডিএফ | Udvash SSC Bangla 2nd Paper Question Bank PDF✨ 📝লেখক : উদ্ভাস ⏰সংস্করন : ২০২৬ (সর্বশেষ),PDF,https://t.me/hscfreepdf/1049,1049,1049,@PDFNexus_Udvash SSC Bangla 2nd paper board question Bank.pdf
2026-05-03,🔰উদ্ভাস এসএসসি ইংরেজি ২য় পত্র প্রশ্নব্যাংক পিডিএফ | Udvash SSC English 2nd Paper Question Bank PDF✨ 📝লেখক : উদ্ভাস ⏰সংস্করন : ২০২৬ (সর্বশেষ) ©️𝐏𝐃𝐅 𝐍𝐞𝐱𝐮s,PDF,https://t.me/hscfreepdf/1048,1048,1048,@PDFNexus_Udvash SSC English 2nd paper board question Bank.pdf
2026-05-03,🔰উদ্ভাস এসএসসি ইংরেজি ১ম পত্র প্রশ্নব্যাংক পিডিএফ | Udvash SSC English 1st Paper Question Bank PDF✨ 📝লেখক : উদ্ভাস ⏰সংস্করন : ২০২৬ (সর্বশেষ),PDF,https://t.me/hscfreepdf/1047,1047,1047,@PDFNexus_Udvash SSC English 1st paper board question Bank.pdf
2026-05-03,"HAJARI NAG Chapter 4 - NEWTONIAN MECHANICS এর HSC MCQ, Medical, সব ভার্সিটি, ENGINEERING প্রশ্ন মার্ক করে দেওয়া আছে। আর হ্যাঁ, মার্ক করা লাইনগুলো অবশ্যই পড়বে। বিশেষ করে Green line আর Red line YELLO BOX ভাই, শুধু PDF পড়লেই তোমার অলরেডি Vars",PDF,https://t.me/hscfreepdf/1046,1046,1046,NEWTONIAN_MECHANICS_প্রফেসর_মোহাম্মদ_ইসহাক_স্যার_বাংলা.pdf
2026-05-03,"জীববিজ্ঞান Chapter 5-এর HSC MCQ, Medical, সব ভার্সিটি প্রশ্ন মার্ক করে দেওয়া আছে। যেসব লাইনে Abul Hasan স্যারের বইয়ে প্রশ্ন নেই, সেগুলো আমি পাশে লিখে দিয়েছি। আর হ্যাঁ, মার্ক করা লাইনগুলো অবশ্যই পড়বে। বিশেষ করে Green line আর Red line — এগুলো",PDF,https://t.me/hscfreepdf/1045,1045,1045,Zio chapter 5.pdf
2026-05-03,"ABUL HASAN Chapter 4- অণুজীব এর HSC MCQ, Medical, সব ভার্সিটি, প্রশ্ন মার্ক করে দেওয়া আছে। শুধু PDF পড়লেই তোমার অলরেডি Varsity MAT HSC MCQ অটোমেটিক পড়া শেষ! আর হ্যাঁ, মার্ক করা লাইনগুলো অবশ্যই পড়বে। বিশেষ করে Green line আর Red line YELLO ",PDF,https://t.me/hscfreepdf/1044,1044,1044,ONUJIB1st edition .pdf
2026-05-02,🔰রয়েল কুইক প্রিপারেশন সিরিজ বুক পিডিএফ | Royal QPS Series Book PDF✨ 📚বিষয় : জীববিজ্ঞান ২য় পত্র ©Educationblog24 ⏰সংস্করন : ২০২৬ (সর্বশেষ) Join : @hscfreepdf,PDF,https://t.me/hscfreepdf/1043,1043,1043,@PDFNexus-QPS Series Biology 2nd paper book.pdf
2026-05-02,🔰রয়েল কুইক প্রিপারেশন সিরিজ বুক পিডিএফ | Royal QPS Series Book PDF✨ 📚বিষয় : জীববিজ্ঞান ১ম পত্র ©Educationblog24 ⏰সংস্করন : ২০২৬ (সর্বশেষ),PDF,https://t.me/hscfreepdf/1042,1042,1042,@PDFNexus-QPS Series Biology 1st paper book.pdf
2026-05-02,🔰রয়েল কুইক প্রিপারেশন সিরিজ বুক পিডিএফ | Royal QPS Series Book PDF✨ 📚বিষয় : ইংরেজি ১ম পত্র ©Educationblog24 ⏰সংস্করন : ২০২৬ (সর্বশেষ),PDF,https://t.me/hscfreepdf/1041,1041,1041,@PDFNexus-QPS Series English 1st paper book.pdf
2026-04-29,ভর্তি কার্যক্রমের ঝামেলার মধ্যে আছি!তাই পিডিএফ শেয়ার করতে পারছি না। কাল থেকে ইনশাল্লাহ আবার পিডিএফ/গাইডলাইন/রিসোর্স দেওয়া শুরু করবো। যেকোনো বিষয়ে আমার সাথে কথা বলতে নিচের বটে ম্যাসেজ দাও t.me/hscfreepdfbot,Text,https://t.me/hscfreepdf/1040,1040,1040,
2026-04-27,"ঢাকা বিশ্ববিদ্যালয়ে ফার্মাসি চলে আসছে আমার, ছোট্টবন্ধুরা! https://www.facebook.com/61577539200168/posts/122109761402917973/?app=fbl",Image,https://t.me/hscfreepdf/1038,1038,1038,
2026-04-27,"🔰সূত্র জগৎ Bondi Pathshala✨ 📚 বিষয় : পদার্থবিজ্ঞান,রসায়ন,উচ্চতর গনিত 🗒️ ফুল সিলেবাস Join : @HscFreePdf @HscFreePdf",PDF,https://t.me/hscfreepdf/1037,1037,1037,@HscFreePdf shutro_Jogot_bondi_pathshala.pdf
2026-04-26,"🔰কিউএনএ গানিতিক সূত্র সমগ্র পিডিএফ✨ ⏰ সংস্করন : সর্বশেষ 📚 বিষয় : পদার্থবিজ্ঞান,রসায়ন,উচ্চতর গনিত, তথ্য ও যোগাযোগ প্রযুক্তি 🗒️ ফুল সিলেবাস Join : @HscFreePdf",PDF,https://t.me/hscfreepdf/1036,1036,1036,@PDFNexus QNA-Ganitik-Sutro 5th edition.pdf
2026-04-26,🔰QNA HSC Suggestion 2.0 | কিউএনএ এইচএসসি সাজেশন ২.০✨ 📚বিষয় : সমাধান ⏰সংস্করন : ২০২৬ (সর্বশেষ) Join : @HscFreePdf,PDF,https://t.me/hscfreepdf/1035,1035,1035,@PDFNexus_HSC QNA Suggestions Solution 2.0.pdf
2026-04-26,📚বিষয় : প্রশ্ন ও উত্তর ⏰সংস্করন : ২০২৬ (সর্বশেষ) লাগবে নাকি? React দাও!,PDF,https://t.me/hscfreepdf/1034,1034,"1033,1034",@PDFNexus_HSC QNA SUGGESTIONS 2.0.pdf
2026-04-26,📚বিষয় : প্রশ্ন ও উত্তর ⏰সংস্করন : ২০২৬ (সর্বশেষ) লাগবে নাকি? React দাও!,Text,https://t.me/hscfreepdf/1033,1033,1033,
2026-04-25,Telegram Image,Image,https://t.me/hscfreepdf/1032,1032,1032,
2026-04-25,Telegram Image,Image,https://t.me/hscfreepdf/1031,1031,1031,
2026-04-25,Telegram Image,Image,https://t.me/hscfreepdf/1030,1030,1030,
2026-04-25,Telegram Image,Image,https://t.me/hscfreepdf/1029,1029,1029,
2026-04-25,🌟 কেমিস্ট্রি প্রয়োজনীয় সকল সূত্র একসাথে © SABAS,Image,https://t.me/hscfreepdf/1028,1028,1028,
2026-04-25,Telegram Image,Image,https://t.me/hscfreepdf/1027,1027,1027,
2026-04-25,Telegram Image,Image,https://t.me/hscfreepdf/1026,1026,1026,
2026-04-25,Telegram Image,Image,https://t.me/hscfreepdf/1025,1025,1025,
2026-04-25,Telegram Image,Image,https://t.me/hscfreepdf/1024,1024,1024,
2026-04-25,Telegram Image,Image,https://t.me/hscfreepdf/1023,1023,1023,
2026-04-25,Telegram Image,Image,https://t.me/hscfreepdf/1022,1022,1022,
2026-04-25,Telegram Image,Image,https://t.me/hscfreepdf/1021,1021,1021,
2026-04-25,জাতীয় বিশ্ববিদ্যালয় ভর্তি পরীক্ষার বিজ্ঞান বিভাগের বিষয়ভিত্তিক প্রশ্ন সমাধান দেখে নাও,Image,https://t.me/hscfreepdf/1020,1020,1020,
2026-04-24,✨Biology Haters Marked Book✨ 🌟 𝐄𝐝𝐢𝐭𝐢𝐨𝐧 : 𝟐𝟎𝟐𝟓 [𝐋𝐚𝐭𝐞𝐬𝐭 𝐄𝐝𝐢𝐭𝐢𝐨𝐧] 📖 বায়োলজি হেটার্স দাগানো বই 📋 জীববিজ্ঞান ২য় পত্র দাগানো বই সম্পূর্ণ (গাজী আজমল স্যার),PDF,https://t.me/hscfreepdf/1019,1019,1019,@AdmissionStuffs_Gazi_Azmal_Sir_Biology_2nd_Paper_Marked_Book_Biology.pdf
2026-04-24,✨Biology Haters Marked Book✨ 🌟 𝐄𝐝𝐢𝐭𝐢𝐨𝐧 : 𝟐𝟎𝟐𝟓 [𝐋𝐚𝐭𝐞𝐬𝐭 𝐄𝐝𝐢𝐭𝐢𝐨𝐧] 📖 বায়োলজি হেটার্স দাগানো বই 📋 জীববিজ্ঞান ১ম পত্র দাগানো বই সম্পূর্ণ (আবুল হাসান স্যার),PDF,https://t.me/hscfreepdf/1018,1018,1018,@AdmissionStuffs_Abul_Hasan_Sir_Biology_1st_Paper_Marked_Book_Biology.pdf
2026-04-23,🔰উদ্ভাস ইন্জিনিয়ারিং মাস্টার প্রশ্নব্যাংক✨ 📝লেখক: উদ্ভাস ⏰সংস্করন: ২০২৬-২৭(সর্বশেষ) 🗒️ফুল সিলেবাস 📚উচ্চতর গনিত ১ম ও ২য় পত্র ©Educationblog24 Join For Free HSC & Admission PDF @HscFreePdf,PDF,https://t.me/hscfreepdf/1017,1017,1017,@PDFNexus_ইঞ্জিনিয়ারিং_প্রশ্নব্যাংক_উচ্চতর_গণিত_২০২৬_২৭.pdf
2026-04-23,🔰উদ্ভাস ইন্জিনিয়ারিং মাস্টার প্রশ্নব্যাংক✨ 📝লেখক: উদ্ভাস ⏰সংস্করন: ২০২৬-২৭(সর্বশেষ) 🗒️ফুল সিলেবাস 📚রসায়ন ১ম ও ২য় পত্র ©Educationblog24 Join HSC PDF(@HscFreePdf) React For Chemistry,PDF,https://t.me/hscfreepdf/1016,1016,1016,@PDFNexus_ইঞ্জিনিয়ারিং_প্রশ্নব্যাংক_রসায়ন_২০২৬_২৭.pdf
2026-04-23,🔰উদ্ভাস ইন্জিনিয়ারিং মাস্টার প্রশ্নব্যাংক✨ 📝লেখক: উদ্ভাস ⏰সংস্করন: ২০২৬-২৭(সর্বশেষ) 🗒️ফুল সিলেবাস লাগলে রিয়েক্ট দাও!,PDF,https://t.me/hscfreepdf/1015,1015,"1014,1015",@PDFNexus_ইঞ্জিনিয়ারিং_প্রশ্নব্যাংক_পদার্থবিজ্ঞান_২০২৬_২৭.pdf
2026-04-23,🔰উদ্ভাস ইন্জিনিয়ারিং মাস্টার প্রশ্নব্যাংক✨ 📝লেখক: উদ্ভাস ⏰সংস্করন: ২০২৬-২৭(সর্বশেষ) 🗒️ফুল সিলেবাস লাগলে রিয়েক্ট দাও!,Text,https://t.me/hscfreepdf/1014,1014,1014,
2026-04-23,✨BP Banglabazz - Bangla 2nd Paper ✨ 🌟 Edition : 2026 [Latest],PDF,https://t.me/hscfreepdf/1013,1013,1013,@HSCStuffs_Banglabazz Hsc Bangla 2nd Paper 2026.pdf
2026-04-23,✨BP Banglabazz - Bangla 1st Paper ✨ 🌟 Edition : 2026 [Latest],PDF,https://t.me/hscfreepdf/1012,1012,1012,@HSCStuffs_Banglabazz Hsc Bangla 1st Paper 2026.pdf
2026-04-23,Telegram Image,Image,https://t.me/hscfreepdf/1011,1011,1011,
2026-04-23,📌 HSC 2026 Routine এইচএসসি ২০২৬ এর রুটিন প্রকাশিত,Image,https://t.me/hscfreepdf/1010,1010,1010,
2026-04-22,ACS COMPRESSED NOTES Physics https://t.me/hscfreepdf/910 https://t.me/hscfreepdf/925 Chemistry https://t.me/hscfreepdf/941 https://t.me/hscfreepdf/950 Math https://t.me/hscfreepdf/958 https://t.me/hscfreepdf/965 Biology https://t.me/hscfree,Text,https://t.me/hscfreepdf/1009,1009,1009,
2026-04-22,সোনার-তরী,PDF,https://t.me/hscfreepdf/1008,1008,1008,সোনার-তরী.pdf
2026-04-22,আমি কিংবদন্তির কথা বলছি,PDF,https://t.me/hscfreepdf/1007,1007,1007,আমি_কিংবদন্তির_কথা_বলছি.pdf
2026-04-22,বিদ্রোহী,PDF,https://t.me/hscfreepdf/1006,1006,1006,বিদ্রোহী.pdf
2026-04-22,প্রতিদান,PDF,https://t.me/hscfreepdf/1005,1005,1005,প্রতিদান.pdf
2026-04-22,আঠারো বছর বয়স,PDF,https://t.me/hscfreepdf/1004,1004,1004,আঠারো-বছর-বয়স.pdf
2026-04-22,জিনতত্ত্ব ও বিবর্তন অক্সিজেন,PDF,https://t.me/hscfreepdf/1002,1002,1002,জিনতত্ত্ব_ও_বিবর্তন_অক্সিজেন.pdf
2026-04-22,জিনতত্ত্ব-ও-বিবর্তন,PDF,https://t.me/hscfreepdf/1001,1001,1001,জিনতত্ত্ব-ও-বিবর্তন.pdf
2026-04-22,চলন ও অঙ্গচালনা অক্সিজেন,PDF,https://t.me/hscfreepdf/1000,1000,1000,চলন_ও_অঙ্গচালনা_অক্সিজেন.pdf
2026-04-22,চলন-ও-অঙ্গচালনা,PDF,https://t.me/hscfreepdf/999,999,999,চলন-ও-অঙ্গচালনা.pdf
2026-04-22,শ্বসন ও শ্বাসক্রিয়া অক্সিজেন,PDF,https://t.me/hscfreepdf/998,998,998,শ্বসন_ও_শ্বাসক্রিয়া_অক্সিজেন.pdf
2026-04-22,শ্বসন-ও-শ্বাসক্রিয়া,PDF,https://t.me/hscfreepdf/997,997,997,শ্বসন-ও-শ্বাসক্রিয়া.pdf
2026-04-22,রক্ত ও সঞ্চালন অক্সিজেন,PDF,https://t.me/hscfreepdf/996,996,996,রক্ত_ও_সঞ্চালন_অক্সিজেন.pdf
2026-04-22,রক্ত-ও-সংবহন (1),PDF,https://t.me/hscfreepdf/995,995,995,রক্ত-ও-সংবহন (1).pdf
2026-04-22,পরিপাক-ও-শোষণ-অক্সিজেন,PDF,https://t.me/hscfreepdf/994,994,994,পরিপাক-ও-শোষণ-অক্সিজেন.pdf
2026-04-22,পরিপাক-ও-শোষণ,PDF,https://t.me/hscfreepdf/993,993,993,পরিপাক-ও-শোষণ.pdf
2026-04-22,প্রাণীর-পরিচিতি,PDF,https://t.me/hscfreepdf/992,992,992,প্রাণীর-পরিচিতি.pdf
2026-04-22,প্রাণির বিভিন্নতা ও শ্রেণিবিন্যাস অক্সিজেন,PDF,https://t.me/hscfreepdf/991,991,991,প্রাণির_বিভিন্নতা_ও_শ্রেণিবিন্যাস_অক্সিজেন.pdf
2026-04-22,প্রাণীর বিভিন্নতা ও শ্রেণিবিন্যাস,PDF,https://t.me/hscfreepdf/990,990,990,প্রাণীর_বিভিন্নতা_ও_শ্রেণিবিন্যাস.pdf
2026-04-22,biology-2nd-paper-ga-22,PDF,https://t.me/hscfreepdf/989,989,989,biology-2nd-paper-ga-22.pdf
2026-04-22,জীব প্রযুক্তি অক্সিজেন,PDF,https://t.me/hscfreepdf/987,987,987,জীব_প্রযুক্তি_অক্সিজেন.pdf
2026-04-22,জীব-প্রযুক্তি,PDF,https://t.me/hscfreepdf/986,986,986,জীব-প্রযুক্তি.pdf
2026-04-22,টিস্যু ও টিস্যু তন্ত্র অক্সিজেন,PDF,https://t.me/hscfreepdf/985,985,985,টিস্যু_ও_টিস্যু_তন্ত্র_অক্সিজেন.pdf
2026-04-22,টিস্যু-ও-টিস্যুতন্ত্র,PDF,https://t.me/hscfreepdf/984,984,984,টিস্যু-ও-টিস্যুতন্ত্র.pdf
2026-04-22,উদ্ভিদ শারীরতত্ত্ব অক্সিজেন,PDF,https://t.me/hscfreepdf/983,983,983,উদ্ভিদ_শারীরতত্ত্ব_অক্সিজেন.pdf
2026-04-22,উদ্ভিদ-শারীরতত্ত্ব,PDF,https://t.me/hscfreepdf/982,982,982,উদ্ভিদ-শারীরতত্ত্ব.pdf
2026-04-22,নগ্নবীজী ও আবৃত বীজী উদ্ভিদ অক্সিজেন,PDF,https://t.me/hscfreepdf/981,981,981,নগ্নবীজী_ও_আবৃত_বীজী_উদ্ভিদ_অক্সিজেন.pdf
2026-04-22,নগ্নবীজী ও আবৃতবীজী উদ্ভিদ,PDF,https://t.me/hscfreepdf/980,980,980,নগ্নবীজী_ও_আবৃতবীজী_উদ্ভিদ.pdf
2026-04-22,অণুজীব অক্সিজেন,PDF,https://t.me/hscfreepdf/979,979,979,অণুজীব-অক্সিজেন.pdf
2026-04-22,অণুজীব,PDF,https://t.me/hscfreepdf/978,978,978,অণুজীব.pdf
2026-04-22,কোষ বিভাজন অক্সিজেন,PDF,https://t.me/hscfreepdf/977,977,977,কোষ-বিভাজন-অক্সিজেন.pdf
2026-04-22,কোষ বিভাজন,PDF,https://t.me/hscfreepdf/976,976,976,কোষ-বিভাজন.pdf
2026-04-22,কোষ ও এর গঠন অক্সিজেন,PDF,https://t.me/hscfreepdf/975,975,975,কোষ-ও-এর-গঠন-অক্সিজেন.pdf
2026-04-22,কোষ ও এর গঠন,PDF,https://t.me/hscfreepdf/974,974,974,কোষ-ও-এর-গঠন.pdf
2026-04-22,জ্ঞান অনুধাবন,PDF,https://t.me/hscfreepdf/973,973,973,উদ্ভিদবিজ্ঞান_জ্ঞান_অনুধাবণ.pdf
2026-04-22,সমতলে বস্তুকণার গতি,PDF,https://t.me/hscfreepdf/971,971,971,সমতলে-বস্তুকণার-গতি.pdf
2026-04-22,স্থিতিবিদ্যা,PDF,https://t.me/hscfreepdf/970,970,970,স্থিতিবিদ্যা.pdf
2026-04-22,বিপরীত ত্রিকোণমিতি,PDF,https://t.me/hscfreepdf/969,969,969,বিপরীত-ত্রিকোণমিতি.pdf
2026-04-22,কনিক,PDF,https://t.me/hscfreepdf/968,968,968,কনিক.pdf
2026-04-22,বহুপদী ও বহুপদী সমীকরণ,PDF,https://t.me/hscfreepdf/967,967,967,বহুপদী.pdf
2026-04-22,জটিল সংখ্যা,PDF,https://t.me/hscfreepdf/966,966,966,জটিল-সংখ্যা.pdf
2026-04-22,যোগজীকরণ,PDF,https://t.me/hscfreepdf/964,964,964,যোগজীকরণ_2.pdf
2026-04-22,অন্তরীকরণ,PDF,https://t.me/hscfreepdf/963,963,963,অন্তরীকরণ_2.pdf
2026-04-22,সংযুক্ত কোণের ত্রিকোণমিতিক অনুপাত,PDF,https://t.me/hscfreepdf/962,962,962,সংযুক্ত_কোণের_ত্রিকোণমিতিক_অনুপাত_1.pdf
2026-04-22,বৃত্ত,PDF,https://t.me/hscfreepdf/961,961,961,বৃত্ত-1.pdf
2026-04-22,সরলরেখা,PDF,https://t.me/hscfreepdf/960,960,960,সরলরেখা-1.pdf
2026-04-22,ম্যাট্রিক্স ও নির্ণায়ক,PDF,https://t.me/hscfreepdf/959,959,959,ম্যাট্রিক্স_ও_নির্ণায়ক_Final_File.pdf
2026-04-22,তড়িৎ রসায়ন CQ,PDF,https://t.me/hscfreepdf/957,957,957,তড়িৎ-রসায়ন-cq.pdf
2026-04-22,তড়িৎ রসায়ন,PDF,https://t.me/hscfreepdf/956,956,956,তড়িৎ-রসায়ন-1.pdf
2026-04-22,পরিমাণগত রসায়ন CQ,PDF,https://t.me/hscfreepdf/955,955,955,পরিমাণগত-রসায়ন-cq.pdf
2026-04-22,পরিমাণগত রসায়ন,PDF,https://t.me/hscfreepdf/954,954,954,পরিমাণগত-রসায়ন-final.pdf
2026-04-22,জৈব রসায়ন,PDF,https://t.me/hscfreepdf/953,953,953,জৈব-রসায়ন-final-222.pdf
2026-04-22,পরিবেশ রসায়ন CQ,PDF,https://t.me/hscfreepdf/952,952,952,পরিবেশ-রসায়ন-cq.pdf
2026-04-22,পরিবেশ রসায়ন,PDF,https://t.me/hscfreepdf/951,951,951,পরিবেশ-রসায়ন-2.pdf
2026-04-22,জ্ঞান অনুধাবন,PDF,https://t.me/hscfreepdf/950,950,950,রসায়ন_২য়_পত্র_জ্ঞান_অনুধাবন.pdf
2026-04-22,কর্মমূখী রসায়ন,PDF,https://t.me/hscfreepdf/949,949,949,Chemistry-1st-Paper-5th-Chapter.pdf
2026-04-22,রাসায়নিক পরিবর্তন অক্সিজেন,PDF,https://t.me/hscfreepdf/948,948,948,রাসায়নিক-পরিবর্তন-3.pdf
2026-04-22,রাসায়নিক পরিবর্তন,PDF,https://t.me/hscfreepdf/947,947,947,রাসায়নিক-পরিবর্তন-1.pdf
2026-04-22,মৌলের পর্যায়বৃত্ত ধর্ম ও রসায়নিক বন্ধন অক্সিজেন,PDF,https://t.me/hscfreepdf/946,946,946,মৌলের_পর্যায়বৃত্ত_অক্সিজেন.pdf
2026-04-22,মৌলের পর্যায়বৃত্ত ধর্ম ও রসায়নিক বন্ধন,PDF,https://t.me/hscfreepdf/945,945,945,মৌলের_পর্যায়বৃত্ত_ধর্ম_ও_রাসায়নিক_বন্ধন_final_1.pdf
2026-04-22,গুণগত রসায়ন অক্সিজেন,PDF,https://t.me/hscfreepdf/944,944,944,গুণগত-রসায়ন-oxygen.pdf
2026-04-22,গুণগত রসায়ন,PDF,https://t.me/hscfreepdf/943,943,943,গুণগত-রসায়ন-2.pdf
2026-04-22,জ্ঞান অনুধাবণ,PDF,https://t.me/hscfreepdf/942,942,942,রসায়ন_১ম_পত্র_জ্ঞান_অনুধাবণ.pdf
2026-04-22,সেমিকন্ডাক্টর অক্সিজেন,PDF,https://t.me/hscfreepdf/940,940,940,সেমিকন্ডাক্টর_অক্সিজেন.pdf
2026-04-22,Semiconductor-1,PDF,https://t.me/hscfreepdf/939,939,939,Semiconductor-1.pdf
2026-04-22,নিউক্লিয়ার পদার্থবিজ্ঞান অক্সিজেন,PDF,https://t.me/hscfreepdf/938,938,938,নিউক্লিয়ার_পদার্থবিজ্ঞান_অক্সিজেন.pdf
2026-04-22,নিউক্লিয়ার পদার্থবিজ্ঞান 1,PDF,https://t.me/hscfreepdf/937,937,937,নিউক্লিয়ার_পদার্থবিজ্ঞান_1.pdf
2026-04-22,আধুনিক পদার্থবিজ্ঞানের সূচনা অক্সিজেন,PDF,https://t.me/hscfreepdf/936,936,936,আধুনিক_পদার্থবিজ্ঞানের_সূচনা_cq.pdf
2026-04-22,আধুনিক পদার্থবিজ্ঞানের সূচনা,PDF,https://t.me/hscfreepdf/935,935,935,আধুনিক_পদার্থবিজ্ঞানের_সূচনা_2.pdf
2026-04-22,ভৌত আলোকবিজ্ঞান অক্সিজেন,PDF,https://t.me/hscfreepdf/934,934,934,ভৌত_আলোকবিজ্ঞান_অক্সিজেন.pdf
2026-04-22,ভৌত আলোকবিজ্ঞান,PDF,https://t.me/hscfreepdf/933,933,933,ভৌত-আলোকবিজ্ঞান.pdf
2026-04-22,চল তড়িৎ অক্সিজেন,PDF,https://t.me/hscfreepdf/932,932,932,চল-তড়িৎ-final-1.pdf
2026-04-22,চল তড়িৎ,PDF,https://t.me/hscfreepdf/931,931,931,চল-তড়িৎ.pdf
2026-04-22,স্থির তড়িৎ অক্সিজেন,PDF,https://t.me/hscfreepdf/930,930,930,স্থির-তড়িৎ-অক্সিজেন.pdf
2026-04-22,স্থির তড়িৎ,PDF,https://t.me/hscfreepdf/929,929,929,স্থির-তড়িৎ.pdf
2026-04-22,তাপগতিবিদ্যা অক্সিজেন,PDF,https://t.me/hscfreepdf/928,928,928,তাপগতিবিদ্যা_অক্সিজেন.pdf
2026-04-22,তাপগতিবিদ্যা,PDF,https://t.me/hscfreepdf/927,927,927,তাপগতিবিদ্যা.pdf
2026-04-22,জ্ঞান-অনুধাবন,PDF,https://t.me/hscfreepdf/926,926,926,পদার্থ_বিজ্ঞান_২য়_পত্র_জ্ঞান_অনুধাবণ.pdf
2026-04-22,আদর্শ গ্যাস ও গ্যাসের গতিতত্ত্ব অক্সিজেন,PDF,https://t.me/hscfreepdf/924,924,924,আদর্শ_গ্যাস_ও_গ্যাসের_গতিতত্ত্ব_অক্সিজেন.pdf
2026-04-22,আদর্শ গ্যাস ও গ্যাসের গতিতত্ত্ব,PDF,https://t.me/hscfreepdf/923,923,923,আদর্শ_গ্যাস_ও_গ্যাসের_গতিতত্ত্ব_.pdf
2026-04-22,পর্যায়বৃত্ত গতি,PDF,https://t.me/hscfreepdf/922,922,922,পর্যায়বৃত্ত গতি.pdf
2026-04-22,পর্যায়বৃত্ত গতি অক্সিজেন,PDF,https://t.me/hscfreepdf/921,921,921,পর্যায়বৃত্ত_গতি_অক্সিজেন.pdf
2026-04-22,পদার্থের গাঠনিক ধর্ম অক্সিজেন,PDF,https://t.me/hscfreepdf/920,920,920,পদার্থের_গাঠনিক_ধর্ম_অক্সিজেন.pdf
2026-04-22,পদার্থের গাঠনিক ধর্ম,PDF,https://t.me/hscfreepdf/919,919,919,পদার্থের গাঠনিক ধর্ম.pdf
2026-04-22,মহাকর্ষ ও অভিকর্ষ অক্সিজেন,PDF,https://t.me/hscfreepdf/918,918,918,মহাকর্ষ_ও_অভিকর্ষ_অক্সিজেন.pdf
2026-04-22,মহাকর্ষ ও অভিকর্ষ,PDF,https://t.me/hscfreepdf/917,917,917,মহাকর্ষ ও অভিকর্ষ.pdf
2026-04-22,কাজ ক্ষমতা ও শক্তি অক্সিজেন,PDF,https://t.me/hscfreepdf/916,916,916,কাজ_ক্ষমতা_ও_শক্তি_অক্সিজেন.pdf
2026-04-22,কাজ ক্ষমতা ও শক্তি,PDF,https://t.me/hscfreepdf/915,915,915,কাজ শক্তি ও ক্ষমতা.pdf
2026-04-22,নিউটনীয় বলবিদ্যা,PDF,https://t.me/hscfreepdf/914,914,914,নিউটনীয়_বলাবিদ্যা_all_in_one.pdf
2026-04-22,ভেক্টর অক্সিজেন,PDF,https://t.me/hscfreepdf/913,913,913,ভেক্টর অক্সিজেন.pdf
2026-04-22,ভেক্টর,PDF,https://t.me/hscfreepdf/912,912,912,ভেক্টর.pdf
2026-04-22,জ্ঞান অনুধাবণ,PDF,https://t.me/hscfreepdf/911,911,911,physics-1st-paper-22.pdf
2026-04-21,✨Lecture - HSC 2026 Chemistry 2nd Paper Supplement✨ 🌟 𝐄𝐝𝐢𝐭𝐢𝐨𝐧 : 𝐇𝐒𝐂 𝟐𝟎𝟐𝟔 [𝐋𝐚𝐭𝐞𝐬𝐭] 📖 লেকচার এইচএসসি সাপ্লিমেন্ট 📋 এইচএসসি ২৬ ব্যাচের রসায়ন ২য় পত্র সাপ্লিমেন্ট ⓒ PDF Credit : EducationBlog,PDF,https://t.me/hscfreepdf/909,909,909,@AdmissionStuffs_Lecture_HSC_26_Chemistry_2nd_Paper_Supplement_Admission.pdf
2026-04-21,✨Lecture - HSC 2026 Chemistry 1st Paper Supplement✨ 🌟 𝐄𝐝𝐢𝐭𝐢𝐨𝐧 : 𝐇𝐒𝐂 𝟐𝟎𝟐𝟔 [𝐋𝐚𝐭𝐞𝐬𝐭] 📖 লেকচার এইচএসসি সাপ্লিমেন্ট 📋 এইচএসসি ২৬ ব্যাচের রসায়ন ১ম পত্র সাপ্লিমেন্ট ⓒ PDF Credit : EducationBlog,PDF,https://t.me/hscfreepdf/908,908,908,@AdmissionStuffs_Lecture_HSC_26_Chemistry_1st_Paper_Supplement_Admission.pdf
2026-04-21,✨Panjeree - HSC 2026 Higher Math 2nd Paper Supplement✨ 🌟 𝐄𝐝𝐢𝐭𝐢𝐨𝐧 : 𝐇𝐒𝐂 𝟐𝟎𝟐𝟔 [𝐋𝐚𝐭𝐞𝐬𝐭] 📖 পাঞ্জেরি এইচএসসি সাপ্লিমেন্ট 📋 এইচএসসি ২৬ ব্যাচের উচ্চতর গণিত ২য় পত্র সাপ্লিমেন্ট ⓒ PDF Credit : EducationBlog,PDF,https://t.me/hscfreepdf/907,907,907,@AdmissionStuffs_HSC_2026_Higher_Math_2nd_Paper_Supplement_Panjeree.pdf
2026-04-21,✨Lecture - HSC 2026 Higher Math 1st Paper Supplement✨ 🌟 𝐄𝐝𝐢𝐭𝐢𝐨𝐧 : 𝐇𝐒𝐂 𝟐𝟎𝟐𝟔 [𝐋𝐚𝐭𝐞𝐬𝐭] 📖 লেকচার এইচএসসি সাপ্লিমেন্ট 📋 এইচএসসি ২৬ ব্যাচের উচ্চতর গণিত ১ম পত্র সাপ্লিমেন্ট ⓒ PDF Credit : EducationBlog,PDF,https://t.me/hscfreepdf/906,906,906,@AdmissionStuffs_HSC_2026_Higher_Math_1st_Paper_Supplement_Admission.pdf
2026-04-20,🔰Joykoli bangla bichitra PDF PDF | জয়কলি বাংলা বিচিত্রা পিডিএফ | জয়কলির বাংলা বিচিত্রা বই pdf✨ ⏰ সংস্করন : ২০২৬ (সর্বশেষ),PDF,https://t.me/hscfreepdf/905,905,905,@PDFNexus_জয়কলি_বাংলা_বিচিত্রা_নিউ_এডিশন_২০২৬_.pdf
2026-04-20,✨ACS Compact Series - ICT Model Test Solution✨ ©Admission Stuffs 🌟 𝐄𝐝𝐢𝐭𝐢𝐨𝐧 : 2026 [Latest] 📖 এসিএস এইচএসসি কম্প্যাক্ট সিরিজ 🏷 আইসিটি বইয়ের মডেল টেস্ট প্রশ্নের সমাধান,PDF,https://t.me/hscfreepdf/904,904,904,ICT Model Test Solve [Compact Series - 2].pdf
2026-04-20,✨ACS Compact Series - ICT Practice Problem Solution✨ ©Admission Stuffs 🌟 𝐄𝐝𝐢𝐭𝐢𝐨𝐧 : 2026 [Latest] 📖 এসিএস এইচএসসি কম্প্যাক্ট সিরিজ 🏷 আইসিটি বইয়ের প্রাক্টিস প্রশ্নের সমাধান,PDF,https://t.me/hscfreepdf/903,903,903,ICT_Practice_Problem_Solve_Compact_Series_2.pdf
2026-04-20,🔰ACS কমপ্যাক্ট সিরিজ বুক পিডিএফ | ACS Compact Series Book PDF✨ ⏰ সংস্করন : ২০২৬ [সর্বশেষ] 📋 তথ্য ও যোগাযোগ প্রযুক্তি ©️Admission Stuffs,PDF,https://t.me/hscfreepdf/902,902,902,ACS Compact Series Book - ICT [HSC 2026] - .pdf
2026-04-19,🔰MCQ Magic (Grammar & Vocabulary) PDF | এমসিকিউ ম্যাজিক PDF✨ 📝লেখক : Md Rafique ⏰সংস্করন : ২০২৬ (সর্বশেষ) ©Educationblog24,PDF,https://t.me/hscfreepdf/901,901,901,@PDFNexus_Mcq Magic Grammar & Vocabulary.pdf
2026-04-18,HSC 26 - তোমাদের পরিক্ষা জুন নয় বরং জুলাই থেকে শুরু হবে! যারা দোয়া করেছিলে পরিক্ষা এক মাস পিছাইলে পরে শেষ করে ফেলবে তারা সময়ের সদব্যাবহার করিও! এই সুযোগ কিন্তু আর আসবে না!,Image,https://t.me/hscfreepdf/900,900,900,
2026-04-18,🔰𝐀𝐬𝐩𝐞𝐜𝐭 𝐱 𝐍𝐞𝐭𝐰𝐨𝐫𝐤 - 𝐆𝐒𝐓 𝐒𝐨𝐡𝐚𝐲𝐢𝐤𝐚✨ ⏰ 𝐄𝐝𝐢𝐭𝐢𝐨𝐧 : 2025-26 📖 এসপেক্ট গুচ্ছ সহায়িকা 🏷 Full Book Combined ©Admission Stuffs,PDF,https://t.me/hscfreepdf/898,898,898,Aspect GST Network - Full QB Combined (25-26).pdf
2026-04-17,"✨𝐉𝐨𝐲𝐤𝐨𝐥𝐢 - 𝐍𝐚𝐭𝐢𝐨𝐧𝐚𝐥 𝐔𝐧𝐢𝐯𝐞𝐫𝐬𝐢𝐭𝐲 𝐐𝐮𝐞𝐬𝐭𝐢𝐨𝐧 𝐁𝐚𝐧𝐤✨ 🌟 𝗘𝗱𝗶𝘁𝗶𝗼𝗻 : 𝟮𝟬𝟮𝟰-𝟮𝟱 [𝗟𝗮𝘁𝗲𝘀𝘁] 📖 জয়কলি জাতীয় ইউনিভার্সিটি এর বিজ্ঞান ইউনিট প্রশ্নব্যাংক 🏷 বিগত ২০০১-২০১৫ সালের সকল বছরের প্রশ্নের সমাধান, বিষয়ভিত্তিক সাজেশন এবং মডেল টেস্ট",PDF,https://t.me/hscfreepdf/897,897,897,@AdmissionStuffs_Joykoli_NU_Science_Unit_Sohayika_Full_Combined.pdf
2026-04-17,✨Udvash HSC 26 Model Test✨ 📋 HSC Offline Exam Batch 📖 Biology 2nd - 1 📜 All Set ------------------------------------------- ⓒ PDF Credit : 𝐀𝐝𝐦𝐢𝐬𝐬𝐢𝐨𝐧 𝐒𝐭𝐮𝐟𝐟𝐬,PDF,https://t.me/hscfreepdf/896,896,896,@HSCStuffs_HSCFMT-Biology2nd-1.pdf
2026-04-17,✨Udvash HSC 26 Model Test✨ 📋 HSC Offline Exam Batch 📖 Math 2nd - 1 📜 All Set ------------------------------------------- ⓒ PDF Credit : 𝐀𝐝𝐦𝐢𝐬𝐬𝐢𝐨𝐧 𝐒𝐭𝐮𝐟𝐟𝐬,PDF,https://t.me/hscfreepdf/895,895,895,@HSCStuffs_HSCFMT-Math2nd-1.pdf
2026-04-17,✨Udvash HSC 26 Model Test✨ 📋 HSC Offline Exam Batch 📖 English 2nd - 1 📜 All Set ------------------------------------------- ⓒ PDF Credit : 𝐀𝐝𝐦𝐢𝐬𝐬𝐢𝐨𝐧 𝐒𝐭𝐮𝐟𝐟𝐬,PDF,https://t.me/hscfreepdf/894,894,894,@HSCStuffs_HSCFMT-English2nd-1.pdf
2026-04-17,✨Udvash HSC 26 Model Test✨ 📋 HSC Offline Exam Batch 📖 Chemistry 2nd - 1 📜 All Set ------------------------------------------- ⓒ PDF Credit : 𝐀𝐝𝐦𝐢𝐬𝐬𝐢𝐨𝐧 𝐒𝐭𝐮𝐟𝐟𝐬,PDF,https://t.me/hscfreepdf/893,893,893,@HSCStuffs_HSCFMT-Chemistry2nd-1.pdf
2026-04-17,✨Udvash HSC 26 Model Test✨ 📋 HSC Offline Exam Batch 📖 Physics 2nd - 1 📜 All Set ------------------------------------------- ⓒ PDF Credit : 𝐀𝐝𝐦𝐢𝐬𝐬𝐢𝐨𝐧 𝐒𝐭𝐮𝐟𝐟𝐬,PDF,https://t.me/hscfreepdf/892,892,892,@HSCStuffs_HSCFMT-Physics2nd-1.pdf
2026-04-17,✨Udvash HSC 26 Model Test✨ 📋 HSC Offline Exam Batch 📖 Bangla 2nd - 1 📜 All Set ------------------------------------------- ⓒ PDF Credit : 𝐀𝐝𝐦𝐢𝐬𝐬𝐢𝐨𝐧 𝐒𝐭𝐮𝐟𝐟𝐬,PDF,https://t.me/hscfreepdf/891,891,891,@HSCStuffs_HSCFMT-Bangla2nd-1.pdf
2026-04-17,✨Udvash HSC 26 Model Test✨ 📋 HSC Offline Exam Batch 📖 Biology - 1 📜 All Set ------------------------------------------- ⓒ PDF Credit : 𝐀𝐝𝐦𝐢𝐬𝐬𝐢𝐨𝐧 𝐒𝐭𝐮𝐟𝐟𝐬,PDF,https://t.me/hscfreepdf/890,890,890,@HSCStuffs_HSCFMT-Biology-1.pdf
2026-04-17,✨Udvash HSC 26 Model Test✨ 📋 HSC Offline Exam Batch 📖 ICT - 1 📜 All Set ------------------------------------------- 🔰ⓒ PDF Credit : 𝐀𝐝𝐦𝐢𝐬𝐬𝐢𝐨𝐧 𝐒𝐭𝐮𝐟𝐟𝐬,PDF,https://t.me/hscfreepdf/889,889,889,@HSCStuffs_HSCFMT-ICT-1.pdf
2026-04-17,✨Udvash HSC 26 Model Test✨ 📋 HSC Offline Exam Batch 📖 Math - 1 📜 All Set ------------------------------------------- ⓒ PDF Credit : 𝐀𝐝𝐦𝐢𝐬𝐬𝐢𝐨𝐧 𝐒𝐭𝐮𝐟𝐟𝐬,PDF,https://t.me/hscfreepdf/888,888,888,@HSCStuffs_HSCFMT-Math-1.pdf
2026-04-17,✨Udvash HSC 26 Model Test✨ 📋 HSC Offline Exam Batch 📖 English - 1 📜 All Set ------------------------------------------- ⓒ PDF Credit : 𝐀𝐝𝐦𝐢𝐬𝐬𝐢𝐨𝐧 𝐒𝐭𝐮𝐟𝐟𝐬,PDF,https://t.me/hscfreepdf/887,887,887,@HSCStuffs_HSCFMT-English-1.pdf
2026-04-17,✨Udvash HSC 26 Model Test✨ 📋 HSC Offline Exam Batch 📖 Chemistry - 1 📜 All Set ------------------------------------------- ⓒ PDF Credit : 𝐀𝐝𝐦𝐢𝐬𝐬𝐢𝐨𝐧 𝐒𝐭𝐮𝐟𝐟𝐬,PDF,https://t.me/hscfreepdf/886,886,886,@HSCStuffs_HSCFMT-Chemistry-1.pdf
2026-04-17,✨Udvash HSC 26 Model Test✨ 📋 HSC Offline Exam Batch 📖 Physics - 1 📜 All Set ------------------------------------------- ⓒ PDF Credit : 𝐀𝐝𝐦𝐢𝐬𝐬𝐢𝐨𝐧 𝐒𝐭𝐮𝐟𝐟𝐬,PDF,https://t.me/hscfreepdf/885,885,885,@HSCStuffs_HSCFMT-Physics-1.pdf
2026-04-17,✨Udvash HSC 26 Model Test✨ 📋 HSC Offline Exam Batch 📖 Bangla - 1 📜 All Set ------------------------------------------- ⓒ PDF Credit : 𝐀𝐝𝐦𝐢𝐬𝐬𝐢𝐨𝐧 𝐒𝐭𝐮𝐟𝐟𝐬,PDF,https://t.me/hscfreepdf/884,884,884,@HSCStuffs_HSCFMT-BANGLA-1.pdf
2026-04-17,Telegram Media,Media,https://t.me/hscfreepdf/883,883,883,
2026-04-17,🔰এইচএসসি সমাজকর্ম ১ম পত্র বই PDF (একাদশ-দ্বাদশ) - Hsc Social work 1st Paper Book 2026 PDF✨,PDF,https://t.me/hscfreepdf/881,881,881,@PDFNexus_hsc_সমাজকর্ম_১ম_পত্র_1.pdf
2026-04-17,🔰এইচএসসি ইসলামের ইতিহাস ও সংস্কৃতি ২য় পত্র বই PDF (একাদশ-দ্বাদশ) - Hsc Islamic History 2nd Paper Book 2026 PDF✨,PDF,https://t.me/hscfreepdf/880,880,880,@PDFNexus_HSC_ইসলামের_ইতিহাস_২য়_পত্র.pdf
2026-04-17,🔰এইচএসসি ইসলামের ইতিহাস ও সংস্কৃতি ১ম পত্র বই PDF (একাদশ-দ্বাদশ) - Hsc Islamic History 1st Paper Book 2026 PDF✨,PDF,https://t.me/hscfreepdf/879,879,879,@PDFNexus_HSC_ইসলামের_ইতিহাস_১ম_পত্র.pdf
2026-04-17,🔰HSC Islamic Studies/Islam Shikkha 2nd Paper Book PDF -উচ্চমাধ্যমিক/এইচএসসি ইসলাম শিক্ষা ২য় পত্র বই PDF✨,PDF,https://t.me/hscfreepdf/878,878,878,@PDFNexus_HSC_ইসলাম_শিক্ষা_২য়_পত্র.pdf
2026-04-17,🔰HSC Islamic Studies/Islam Shikkha 1st Paper Book PDF -উচ্চমাধ্যমিক/এইচএসসি ইসলাম শিক্ষা ১ম পত্র বই PDF,PDF,https://t.me/hscfreepdf/877,877,877,@PDFNexu_Hsc_ইসলাম_শিক্ষা_১ম_পত্র.pdf
2026-04-17,🔰এইচএসসি ভূগোল ২য় পত্র বই PDF (একাদশ-দ্বাদশ) - Geography 2nd Paper Book PDF✨ ⏰সংস্করন : ২০২৬ 🏛️পাবলিকেশন : কাজল ব্রাদার্স লিমিট,PDF,https://t.me/hscfreepdf/876,876,876,@PDFNexus_Hsc Geography 2nd Paper Book.pdf
2026-04-17,🔰এইচএসসি ভূগোল ১ম পত্র বই PDF (একাদশ-দ্বাদশ) - Geography 1st Paper Book PDF✨ ⏰সংস্করন : ২০২৬ 🏛️পাবলিকেশন : কাজল ব্রাদার্স লিমিটেড,PDF,https://t.me/hscfreepdf/875,875,875,@PDFNexus_Hsc Geography 1st paper book.pdf
2026-04-17,🔰এইচএসসি অর্থনীতি ২য় পত্র বই PDF (একাদশ-দ্বাদশ) - Hsc Economic 2nd Paper Book PDF✨ ⏰সংস্করন : ২০২৬ 🏛️পাবলিকেশন : হাসান বুক হাউজ,PDF,https://t.me/hscfreepdf/874,874,874,@PDFNexus_Hsc Economic 2nd Paper Book.pdf
2026-04-17,🔰এইচএসসি অর্থনীতি ১ম পত্র বই PDF (একাদশ-দ্বাদশ) - Hsc Economic 1st Paper Book PDF✨ ⏰সংস্করন : ২০২৬ 🏛️পাবলিকেশন : হাসান বুক হাউজ,PDF,https://t.me/hscfreepdf/873,873,873,@PDFNexus_Hsc Economic 1st Paper Book.pdf
2026-04-17,🔰এইচএসসি সমাজবিজ্ঞান ২য় পত্র বই PDF (একাদশ-দ্বাদশ) - Hsc Sociology 2nd Paper Book PDF✨ ⏰সংস্করন : ২০২৬ 🏛️পাবলিকেশন : অক্ষরপত্র প্রকাশন,PDF,https://t.me/hscfreepdf/872,872,872,@PDFNexus_Hsc Sociology 2nd Paper Book.pdf
2026-04-17,🔰এইচএসসি সমাজবিজ্ঞান ১ম পত্র বই PDF (একাদশ-দ্বাদশ) - Hsc Sociology 1st Paper Book PDF✨ ⏰সংস্করন : ২০২৬ 🏛️পাবলিকেশন : অক্ষরপত্র প্রকাশনী,PDF,https://t.me/hscfreepdf/871,871,871,@PDFNexus_Hsc Sociology 1st Paper Book.pdf
2026-04-17,🔰এইচএসসি যুক্তিবিদ্যা ২য় পত্র বই PDF (একাদশ-দ্বাদশ) - Hsc Logic 2nd Paper Book PDF✨ ⏰সংস্করন : ২০২৬ 🏛️পাবলিকেশন : অক্ষরপত্র প্রকাশনী,PDF,https://t.me/hscfreepdf/870,870,870,@PDFNexus_Hsc Logic 2nd Paper Book.pdf
2026-04-17,🔰এইচএসসি যুক্তিবিদ্যা ১ম পত্র বই PDF (একাদশ-দ্বাদশ) - Hsc Logic 1st Paper Book PDF✨ ⏰সংস্করন : ২০২৬ 🏛️পাবলিকেশন : কাজল ব্রাদার্স লিমিটেড,PDF,https://t.me/hscfreepdf/869,869,869,@PDFNexus_Hsc Logic 1st Paper Book.pdf
2026-04-17,🔰ACS HSC Compact Series Bangla 2nd Paper PDF | এইচএসসি কম্প্যাক্ট সিরিজ বাংলা ২য় পত্র বই PDF✨ ⏰সংস্করন : ২০২৬ 🏛️ প্রতিষ্ঠান : ACS,PDF,https://t.me/hscfreepdf/868,868,868,@PDFNexus_Hsc Acs Compact Series Bangla 2nd p 2026.pdf
2026-04-16,Hsc Chemistry 2nd Paper Supplement 2026.pdf Download: https://t.me/hscfreepdf/866,Image,https://t.me/hscfreepdf/867,867,867,
2026-04-16,Hsc Chemistry 2nd Paper Supplement 2026.pdf,PDF,https://t.me/hscfreepdf/866,866,866,Hsc Chemistry 2nd Paper Supplement 2026.pdf
2026-04-15,📖 তরবারি বাংলা ১ম ও ২য় পত্র প্র‍্যাক্টিস বই- তানভীর ভাইয়া 🕐 2024-25 Edition,PDF,https://t.me/hscfreepdf/865,865,865,@PDFMultiverse_Torbari Bangla 1st+2nd Full Book.pdf
2026-04-15,HSC Made Easy 2026 Download: https://t.me/hscfreepdf/863,Image,https://t.me/hscfreepdf/864,864,864,
2026-04-15,রয়েল_রসায়ন_১ম_পত্র_মেইড_ইজি_২০২৬.pdf,PDF,https://t.me/hscfreepdf/863,863,863,রয়েল_রসায়ন_১ম_পত্র_মেইড_ইজি_২০২৬.pdf
2026-04-14,🔰এইচএসসি মেইড ইজি টেস্ট পেপার PDF প্রশ্নপত্র ও উত্তরপত্র | Hsc Made Easy test paper PDF✨ 📚 বিষয় : জীববিজ্ঞান ১ম ও ২য় পত্র প্রশ্নপত্র ⏰সংস্করন : ২০২৬ (সর্বশেষ),PDF,https://t.me/hscfreepdf/862,862,862,@PDFNexus_Hsc Biology Made Easy Test Paper 2026.pdf
2026-04-14,🔰এইচএসসি মেইড ইজি টেস্ট পেপার PDF প্রশ্নপত্র ও উত্তরপত্র | Hsc Made Easy test paper PDF✨ 📚 বিষয় : জীববিজ্ঞান ১ম ও ২য় পত্র প্রশ্নপত্র ⏰সংস্করন : ২০২৬ (সর্বশেষ),PDF,https://t.me/hscfreepdf/861,861,861,@PDFNexus_জীববিজ্ঞান_টেস্ট_পেপার_২০২৬_প্রশ্নপত্র_.pdf
2026-04-13,🔰এইচএসসি মেইড ইজি টেস্ট পেপার PDF প্রশ্নপত্র ও উত্তরপত্র | Hsc Made Easy test paper PDF✨ 📚 বিষয় পদার্থবিজ্ঞান ১ম ও ২য় পত্র উত্তরপত্র ⏰সংস্করন : ২০২৬ (সর্বশেষ),PDF,https://t.me/hscfreepdf/860,860,860,@PDFNexus_এইচএসসি_পদার্থবিজ্ঞান_টেস্ট_পেপার_২০২৬_উত্তরপত্র.pdf
2026-04-13,📚 HSC Science পড়া track করতে সমস্যা? তোমাদের জন্যে রয়েছে স্টাডি ট্র‍্যাকার ওয়েব এপ! যেটা তোমার পড়াশোনা organize + track + improve করতে সাহায্য করবে। ✨ Key Features: 📊 Progress Tracking (chapter-wise %) ⏱️ Study Timer (subject-wise) 📝 Daily ,PDF,https://t.me/hscfreepdf/859,859,"858,859",@PDFNexus_এইচএসসি_পদার্থবিজ্ঞান_টেস্ট_পেপার_২০২৬_প্রশ্নপত্র.pdf
2026-04-13,📚 HSC Science পড়া track করতে সমস্যা? তোমাদের জন্যে রয়েছে স্টাডি ট্র‍্যাকার ওয়েব এপ! যেটা তোমার পড়াশোনা organize + track + improve করতে সাহায্য করবে। ✨ Key Features: 📊 Progress Tracking (chapter-wise %) ⏱️ Study Timer (subject-wise) 📝 Daily ,Text,https://t.me/hscfreepdf/858,858,858,
2026-04-13,🔰এইচএসসি মেইড ইজি টেস্ট পেপার PDF প্রশ্নপত্র ও উত্তরপত্র | Hsc Made Easy test paper PDF✨ 📚 বিষয় : তথ্য ও যোগাযোগ প্রযুক্তি উত্তরপত্র ⏰সংস্করন : ২০২৬ (সর্বশেষ),PDF,https://t.me/hscfreepdf/857,857,857,@PDFNexus_Panjeree Hsc Ict Test Paper 2026 Solution.pdf
2026-04-13,🔰এইচএসসি মেইড ইজি টেস্ট পেপার PDF প্রশ্নপত্র ও উত্তরপত্র | Hsc Made Easy test paper PDF✨ 📚 বিষয় : তথ্য ও যোগাযোগ প্রযুক্তি প্রশ্নপত্র ⏰সংস্করন : ২০২৬ (সর্বশেষ),PDF,https://t.me/hscfreepdf/856,856,856,@PDFNexus_Panjeree Hsc Ict Test Paper 2026 Question.pdf
2026-04-12,🔰Nobodut hsc english test paper pdf download ✨ 📚Hsc English Test Paper 2026 Solution ⏰ সংস্করন : ২০২৬ (সর্বশেষ),PDF,https://t.me/hscfreepdf/855,855,855,@PDFNexus_Hsc English Test Paper 2026 Solution.pdf
2026-04-12,🔰Nobodut hsc english test paper pdf download ✨ 📚Hsc Nobodut English Test Paper 2026 Question ⏰ সংস্করন : ২০২৬ (সর্বশেষ),PDF,https://t.me/hscfreepdf/854,854,854,@PDFNexus_Hsc Nobodut English Test Paper 2026 Q.pdf
2026-04-12,🔰Hsc english 2nd paper panjeree guide Solution pdf✨,PDF,https://t.me/hscfreepdf/853,853,853,@PDFNexus_পাঞ্জেরি_মডেল_কোশ্চেন_সলুশন_এইচএসসি_২৭.pdf
2026-04-12,🔰Hsc english 2nd paper panjeree guide Question pdf✨,PDF,https://t.me/hscfreepdf/852,852,852,@PDFNexus_HSC_English_Model_Questions_2nd_Paper_With_Grammar_&_Composition.pdf
2026-04-12,🔰এইচএসসি মেইড ইজি টেস্ট পেপার PDF প্রশ্নপত্র ও উত্তরপত্র | Hsc Made Easy test paper PDF✨ 📚 বিষয় পদার্থবিজ্ঞান ১ম ও ২য় পত্র উত্তরপত্র ⏰সংস্করন : ২০২৬ (সর্বশেষ),PDF,https://t.me/hscfreepdf/851,851,851,@PDFNexus_এইচএসসি_পদার্থবিজ্ঞান_টেস্ট_পেপার_২০২৬_উত্তরপত্র.pdf
2026-04-12,🔰এইচএসসি মেইড ইজি টেস্ট পেপার PDF প্রশ্নপত্র ও উত্তরপত্র | Hsc Made Easy test paper PDF✨ 📚 বিষয় পদার্থবিজ্ঞান ১ম ও ২য় পত্র প্রশ্নপত্র ⏰সংস্করন : ২০২৬ (সর্বশেষ),PDF,https://t.me/hscfreepdf/850,850,850,@PDFNexus_এইচএসসি_পদার্থবিজ্ঞান_টেস্ট_পেপার_২০২৬_প্রশ্নপত্র.pdf
2026-04-11,অগ্ৰদূত বাংলা ২০২৬,PDF,https://t.me/hscfreepdf/849,849,849,অগ্রদূত_বাংলা_২০২৬_by_Educationblog24_com.pdf
2026-04-11,🔰বাংলাবাজ এইচএসসি বাংলা ১ম পত্র বই PDF | Banglabaz HSC Bangla 1st Paper PDF✨ 📝লেখক : মাকছুদুর রহমান তানভীর ⏰সংস্করন : ২০২৬ (সর্বশেষ) <Sponsored> চর্চা(Chorcha) এবং E Test Paper এপ এর সকল কন্টেন্ট একদম বিনামুল্যে প্রস্তুতি এপে! https://t.me/,PDF,https://t.me/hscfreepdf/848,848,848,@PDFNexus Banglabaz Hsc Bangla 1st Paper 2026.pdf
2026-04-09,📱 Prostuti App – তোমার সাফল্যের স্মার্ট সঙ্গী! 📖 ডিজিটাল HSC টেস্ট পেপার 📅 বিগত বছরের প্রশ্ন ⚡ দ্রুত প্র্যাক্টিস সিস্টেম 🧩 টাইপওয়াইজ CQ (Chapter/Type based) 🤖 প্রস্তুতি AI (Smart Assistance) 🎯 ভার্সিটি | 🏥 মেডিকেল | ⚙️ ইঞ্জিনিয়ারিং প্রশ্নব্,APK,https://t.me/hscfreepdf/846,846,846,Prostuti_v1.0.3.apk
2026-04-09,উদ্ভাস প্যারালাল ট্যাক্সট বুক ICT Parallel Text Book HSC 2027,PDF,https://t.me/hscfreepdf/845,845,845,উদ্ভাস_প্যারালাল_টেক্সট_তথ্য_ও_যোগাযোগ_প্রযুক্তি_২০২৭.pdf
2026-04-09,✅ GST 5 Years Question Bank With Explanation 🔺 Aspect Series,PDF,https://t.me/hscfreepdf/842,842,842,GST A Unit 5 Years Question With Explanation.pdf
2026-04-09,✅ Agri Cluster Most Repeated 225 Questions 🔺 Physics Hunters,PDF,https://t.me/hscfreepdf/841,841,841,Physics Hunters Most Repeated 225 Agri Cluster Questions.pdf
2026-04-08,গুচ্ছে বিগত ৫ বছরে আসা প্রশ্নগুলোর মাঝে সবথেকে গুরুত্বপূর্ণ ২০০ টপিকস এর প্রশ্ন Physics hunters,PDF,https://t.me/hscfreepdf/840,840,840,GST Top 200 Repeated MCQ By PH.pdf
2026-04-08,UDVASH HSC 26 প্রশ্ন ব্যাংক (All Subject),Archive,https://t.me/hscfreepdf/839,839,839,HSC 26 প্রশ্নব্যাংক (UDVASH).zip
2026-04-07,✨ Udvash HSC 26 Board QB - Chemistry 2nd Paper ⏱ 2026 Edition [Latest] ⓒ EducationBlog 📖 উদ্ভাস বোর্ড প্রশ্নব্যাংক 🏷 রসায়ন ২য় পত্র,PDF,https://t.me/hscfreepdf/838,838,838,@PDFMultiverse_Udvash_HSC_26_Board_QB_Chemistry_2nd_Paper.pdf
2026-04-07,🎓 Unmesh Medical Master Question Bank 🕐 2025-26 Edition ➡ English,PDF,https://t.me/hscfreepdf/837,837,837,@PDFMultiverse_Unmesh_Medical_Master_Q_Bank_English_2025_26.pdf
2026-04-07,🎓 Unmesh Medical Master Question Bank 🕐 2025-26 Edition ➡ Biology 1st+2nd Paper,PDF,https://t.me/hscfreepdf/836,836,836,@PDFMultiverse_Unmesh_Medical_Master_Q_Bank_Biology_2025_26.pdf
2026-04-07,🎓 Unmesh Medical Master Question Bank 🕐 2025-26 Edition ➡ Chemistry 1st+2nd Paper,PDF,https://t.me/hscfreepdf/835,835,835,@PDFMultiverse_Unmesh_Medical_Master_Q_Bank_Chemistry_2025_26.pdf
2026-04-07,🎓 Unmesh Medical Master Question Bank 🕐 2025-26 Edition ➡ Physics 1st+2nd Paper,PDF,https://t.me/hscfreepdf/834,834,834,@PDFMultiverse_Unmesh_Medical_Master_Q_Bank_Physics_2025_26.pdf
2026-04-06,✨ Udvash HSC 26 Board QB - Chemistry 1st Paper ⏱ 2026 Edition [Latest] ⓒ EducationBlog 📖 উদ্ভাস বোর্ড প্রশ্নব্যাংক 🏷 রসায়ন ১ম পত্র,PDF,https://t.me/hscfreepdf/833,833,833,@PDFMultiverse_Udvash_HSC_26_Board_QB_Chemistry_1st_Paper_1.pdf
2026-04-06,✅ Retina Digest Series 🕐 2025-26 Edition ➡️ General Knowledge (GK) 🌟 রেটিনা ডাইজেস্ট বই ➡️ সাধারন জ্ঞান,PDF,https://t.me/hscfreepdf/832,832,832,Retina Digest - General Knowledge (2025-26 Edition).pdf
2026-04-06,✅ Retina Digest Series 🕐 2025-26 Edition ➡️ English 🌟 রেটিনা ডাইজেস্ট বই ➡️ ইংরেজি,PDF,https://t.me/hscfreepdf/831,831,831,Retina Digest - English (2025-26 Edition).pdf
2026-04-06,✅ Retina Digest Series 🕐 2025-26 Edition ➡️ Biology 2nd Paper (Zoology) 🌟 রেটিনা ডাইজেস্ট বই ➡️ জীববিজ্ঞান ২য় পত্র (জুওলজি),PDF,https://t.me/hscfreepdf/830,830,830,Retina Digest - Zoology (2025-26 Edition).pdf
2026-04-06,✅ Retina Digest Series 🕐 2025-26 Edition ➡️ Biology 1st Paper (Botany) 🌟 রেটিনা ডাইজেস্ট বই ➡️ জীববিজ্ঞান ১ম পত্র (বোটানি),PDF,https://t.me/hscfreepdf/829,829,829,Retina Digest - Botany (2025-26 Edition).pdf
2026-04-06,✅ Retina Digest Series 🕐 2025-26 Edition ➡️ Chemistry 2nd Paper 🌟 রেটিনা ডাইজেস্ট বই ➡️ রসায়ন ২য় পত্র,PDF,https://t.me/hscfreepdf/828,828,828,Retina Digest - Chemistry 2nd Paper (2025-26 Edition).pdf
2026-04-06,✅ Retina Digest Series 🕐 2025-26 Edition ➡️ Chemistry 1st Paper 🌟 রেটিনা ডাইজেস্ট বই ➡️ রসায়ন ১ম পত্র,PDF,https://t.me/hscfreepdf/827,827,827,Retina Digest - Chemistry 1st Paper (2025-26 Edition).pdf
2026-04-06,✅ Retina Digest Series 🕐 2025-26 Edition ➡️ Physics 2nd Paper 🌟 রেটিনা ডাইজেস্ট বই ➡️ পদার্থবিজ্ঞান ২য় পত্র,PDF,https://t.me/hscfreepdf/826,826,826,Retina Digest - Physics 2nd Paper (2025-26 Edition).pdf
2026-04-06,✅ Retina Digest Series 🕐 2025-26 Edition ➡️ Physics 1st Paper 🌟 রেটিনা ডাইজেস্ট বই ➡️ পদার্থবিজ্ঞান ১ম পত্র,PDF,https://t.me/hscfreepdf/825,825,825,Retina Digest - Physics 1st Paper (2025-26 Edition).pdf
2026-04-05,🎓 Udvash Varsity 'Ka' Master Question Bank 🕐 2025-26 Edition ➡️ Higher Math 1st & 2nd Paper 🛡 উদ্ভাস ভার্সিটি 'ক' মাস্টার প্রশ্নব্যাংক ➡️ উচ্চতর গণিত ১ম ও ২য় পত্র ---------------------------------------------------- চর্চা(Chorcha) এবং E Tes,PDF,https://t.me/hscfreepdf/824,824,824,Higher Math - Udvash Varsity KA Master QB [2025-26 Edition].pdf
2026-04-05,🎓 Udvash Varsity 'Ka' Master Question Bank 🕐 2025-26 Edition ➡️ Biology 1st & 2nd Paper 🛡 উদ্ভাস ভার্সিটি 'ক' মাস্টার প্রশ্নব্যাংক ➡️ জীববিজ্ঞান ১ম ও ২য় পত্র,PDF,https://t.me/hscfreepdf/823,823,823,Biology - Udvash Varsity KA Master QB [2025-26 Edition.pdf
2026-04-05,🎓 Udvash Varsity 'Ka' Master Question Bank 🕐 2025-26 Edition ➡️ Chemistry 1st & 2nd Paper 🛡 উদ্ভাস ভার্সিটি 'ক' মাস্টার প্রশ্নব্যাংক ➡️ রসায়ন ১ম ও ২য় পত্র ©️ EducationBlog,PDF,https://t.me/hscfreepdf/822,822,822,Chemistry - Udvash Varsity KA Master QB [2025-26 Edition].pdf
2026-04-05,🎓 Udvash Varsity 'Ka' Master Question Bank 🕐 2025-26 Edition ➡️ Physics 1st & 2nd Paper 🛡 উদ্ভাস ভার্সিটি 'ক' মাস্টার প্রশ্নব্যাংক ➡️ পদার্থবিজ্ঞান ১ম ও ২য় পত্র,PDF,https://t.me/hscfreepdf/821,821,821,Physics - Udvash Varsity KA Master QB [2025-26 Edition].pdf
2026-04-05,✅ Medico Companion Book 🕐 2025-26 Edition ➡️ Biology 2nd Paper (Zoology) 🌟 মেডিকো কম্প্যানিয়ন বুক ➡️ জীববিজ্ঞান ২য় পত্র,PDF,https://t.me/hscfreepdf/820,820,820,Zoology - Medico Companion Book (2025-26 Edition) (1).pdf
2026-04-05,✅ Medico Companion Book 🕐 2025-26 Edition ➡️ Biology 1st Paper (Botany) 🌟 মেডিকো কম্প্যানিয়ন বুক ➡️ জীববিজ্ঞান ১ম পত্র,PDF,https://t.me/hscfreepdf/819,819,819,Botany - Medico Companion Book (2025-26 Edition) (1).pdf
2026-04-05,✅ Medico Companion Book 🕐 2025-26 Edition ➡️ Chemistry 1st & 2nd Paper 🌟 মেডিকো কম্প্যানিয়ন বুক ➡️ রসায়ন,PDF,https://t.me/hscfreepdf/818,818,818,Chemistry - Medico Companion Book (2025-26 Edition) (1).pdf
2026-04-05,✅ Medico Companion Book 🕐 2025-26 Edition ➡️ Physics 1st & 2nd Paper 🌟 মেডিকো কম্প্যানিয়ন বুক ➡️ পদার্থবিজ্ঞান,PDF,https://t.me/hscfreepdf/817,817,817,Physics - Medico Companion Book (2025-26 Edition) (1).pdf
2026-04-05,✨ Udvash HSC 26 Board QB - Physics 2nd Paper ⏱ 2026 Edition [Latest] ⓒ EducationBlog 📖 উদ্ভাস বোর্ড প্রশ্নব্যাংক 🏷 পদার্থবিজ্ঞান ২য় পত্র,PDF,https://t.me/hscfreepdf/816,816,816,@PDFMultiverse_Udvash HSC 26 Board QB - Physics 2nd Paper.pdf
2026-04-04,✨ Udvash HSC 26 Board QB - Physics 1st Paper ⏱ 2026 Edition [Latest] ⓒ EducationBlog 📖 উদ্ভাস বোর্ড প্রশ্নব্যাংক 🏷 পদার্থবিজ্ঞান ১ম পত্র --------------------------------------------------------------------------- চর্চা(Chorcha) এবং E Test P,PDF,https://t.me/hscfreepdf/815,815,815,@PDFMultiverse_Udvash HSC 26 Board QB - Physics 1st Paper.pdf
2026-04-04,✅ Unmesh Medical Final Touch Book 🕐 2025-26 Edition ✅ উন্মেষ মেডিকেল ফাইনাল টাচ 🔺 ফাইনাল রিভিশন নেওয়ার প্রস্তুতি সহায়ক বই,PDF,https://t.me/hscfreepdf/814,814,814,@PDFMultiverse_Unmesh Medical Final Touch [2025-26 Edition].pdf
2026-04-03,✨ Udvash SUST Question Bank With Model Test ⏱ 2025-26 Edition (Latest) ⓒ EducationBlog 📖 উদ্ভাস সাস্ট প্রশ্নব্যাংক 🏷 সাস্ট ভর্তি পরীক্ষার প্রস্তুতি সহায়ক বই 🎓 Join @VarsityCrackers 🌟 @AdmissionMultiverse,PDF,https://t.me/hscfreepdf/813,813,813,@PDFMultiverse_Udvash_SUST Question Bank [2025-26 Edition].pdf
2026-04-03,"✨ Aspect Series - JU A Unit QB ⏱ 2025-26 [Latest] ⓒ Admission_Stuffs 📖 আসপেক্ট সিরিজের জাবি 'এ' ইউনিট বই ""জাবিনলেজ"" 🏷 বিগত সকল বছরের সেটের সকল প্রশ্নের সমাধান",PDF,https://t.me/hscfreepdf/812,812,812,@PDFMultiverse_Aspect_JU_'A'_Unit_QB_Part_C_2025_26_.pdf
2026-04-03,✨ Biology Killers - Agri Magnetic File ⏱ 2025-26 Edition [Latest] ⓒ Admission_Stuffs 📖 বায়োলজি কিলার্স এর কৃষি ম্যাগনেটিক ফাইল 🏷 কৃষিগুচ্ছ ভর্তি পরীক্ষার জন্য রিভিশন পিডিএফ,PDF,https://t.me/hscfreepdf/811,811,811,@PDFMultiverse_BK Agri Magnetic File +25-26 Edition).pdf
2026-04-02,"এইচএসসি বাংলা ২য় পত্র টেস্ট পেপার ২০২৬ PDF (পাঞ্জেরী,লেকচার) প্রশ্নপত্র ও উত্তরপত্র | Hsc bangla 1st paper test paper 2026 PDF",PDF,https://t.me/hscfreepdf/810,810,810,Hsc Bangla 2nd Test Paper 2026 Q _unlocked.pdf
2026-04-02,Hsc Bangla 2nd P Made Easy 2026 (1),PDF,https://t.me/hscfreepdf/809,809,809,Hsc Bangla 2nd P Made Easy 2026 (1).pdf
2026-04-02,"Higher Math 📱 Prostuti App — ডিজিটাল HSC টেস্ট পেপার, বিগত বছরের প্রশ্ন, ভার্সিটি/মেডিকেল/ইঞ্জিনিয়ারিং প্রশ্নব্যাংক, মক টেস্টসহ আরও অনেক ফিচার — সবই ফ্রিতে! 🔗 t.me/prostutibd",PDF,https://t.me/hscfreepdf/808,808,808,H.Math Last Night Fight(Quick Revision).pdf
2026-04-02,"GST OMR Sheet 📱 Prostuti App — ডিজিটাল HSC টেস্ট পেপার, বিগত বছরের প্রশ্ন, ভার্সিটি/মেডিকেল/ইঞ্জিনিয়ারিং প্রশ্নব্যাংক, মক টেস্টসহ আরও অনেক ফিচার — সবই ফ্রিতে! 🔗 t.me/prostutibd",PDF,https://t.me/hscfreepdf/807,807,807,GST OMR For Practice By AAPathshala.pdf
2026-04-01,✨ ACS Varsity Preparation Book - Math 2nd Paper ⏱ 2025-26 Edition [Latest] ⓒ EducationBlog 📖 এসিএস ভার্সিটি প্রিপারেশন বই 🏷 উচ্চতর গণিত ২য় পত্র,PDF,https://t.me/hscfreepdf/806,806,806,@PDFMultiverse_ACS Varsity Book - Math 2nd Paper (2025-26 Ed.pdf
2026-04-01,✨ ACS Varsity Preparation Book - Math 1st Paper ⏱ 2025-26 Edition [Latest] ⓒ EducationBlog 📖 এসিএস ভার্সিটি প্রিপারেশন বই 🏷 উচ্চতর গণিত ১ম পত্র,PDF,https://t.me/hscfreepdf/805,805,805,@PDFMultiverse_ACS Varsity Book - Math 1st Paper (2025-26 Ed.pdf
2026-04-01,✨ ACS Varsity Preparation Book - Biology 2nd Paper ⏱ 2025-26 Edition [Latest] ⓒ EducationBlog 📖 এসিএস ভার্সিটি প্রিপারেশন বই 🏷 বায়োলজি ২য় পত্র,PDF,https://t.me/hscfreepdf/804,804,804,@PDFMultiverse_ACS Varsity Book - Biology 2nd Paper (2025-26.pdf
2026-04-01,✨ ACS Varsity Preparation Book - Biology 1st Paper ⏱ 2025-26 Edition [Latest] ⓒ EducationBlog 📖 এসিএস ভার্সিটি প্রিপারেশন বই 🏷 বায়োলজি ১ম পত্র,PDF,https://t.me/hscfreepdf/803,803,803,@PDFMultiverse_ACS Varsity Book - Biology 1st Paper (2025-26.pdf
2026-04-01,✨ ACS Varsity Preparation Book - Chemistry 2nd Paper ⏱ 2025-26 Edition [Latest] ⓒ EducationBlog 📖 এসিএস ভার্সিটি প্রিপারেশন বই 🏷 রসায়ন ২য় পত্র,PDF,https://t.me/hscfreepdf/802,802,802,@PDFMultiverse_ACS Varsity Book - Chemistry 2nd Paper (2025-.pdf
2026-04-01,✨ ACS Varsity Preparation Book - Chemistry 1st Paper ⏱ 2025-26 Edition [Latest] ⓒ EducationBlog 📖 এসিএস ভার্সিটি প্রিপারেশন বই 🏷 রসায়ন ১ম পত্র,PDF,https://t.me/hscfreepdf/801,801,801,@PDFMultiverse_ACS Varsity Book - Chemistry 1st Paper (2025-.pdf
2026-04-01,✨ ACS Varsity Preparation Book - Physics 2nd Paper ⏱ 2025-26 Edition [Latest] ⓒ EducationBlog 📖 এসিএস ভার্সিটি প্রিপারেশন বই 🏷 পদার্থবিজ্ঞান ২য় পত্র,PDF,https://t.me/hscfreepdf/800,800,800,@PDFMultiverse_ACS Varsity Book - Physics 2nd Paper (2025-26.pdf
2026-04-01,✨ ACS Varsity Preparation Book - Physics 1st Paper ⏱ 2025-26 Edition [Latest] ⓒ EducationBlog 📖 এসিএস ভার্সিটি প্রিপারেশন বই 🏷 পদার্থবিজ্ঞান ১ম পত্র,PDF,https://t.me/hscfreepdf/799,799,799,@PDFMultiverse_ACS_Varsity_Book_Physics_1st_Paper_2025_26_Ed.pdf
2026-04-01,📖 উদ্ভাস ইঞ্জিনিয়ারিং মাস্টার প্রশ্নব্যাংক: উচ্চতর গণিত ১ম ও ২য় পত্র 🕐 2025-26 Edition ©️ EducationBlog,PDF,https://t.me/hscfreepdf/798,798,798,@PDFMultiverse_Udvash_Engineering_Math_Master_Q_Bank_2025_26.pdf
2026-04-01,📖 উদ্ভাস ইঞ্জিনিয়ারিং মাস্টার প্রশ্নব্যাংক: পদার্থবিজ্ঞান ১ম ও ২য় পত্র 🕐 2025-26 Edition ©️ EducationBlog,PDF,https://t.me/hscfreepdf/797,797,797,@PDFMultiverse_Udvash_Engineering_Physics_Master_Q_Bank_2025_26.pdf
2026-04-01,📖 উদ্ভাস ইঞ্জিনিয়ারিং মাস্টার প্রশ্নব্যাংক: রসায়ন ১ম ও ২য় পত্র 🕐 2025-26 Edition ©️ EducationBlog,PDF,https://t.me/hscfreepdf/796,796,796,@PDFMultiverse_Udvash_Engineering_Chemistry_Master_Q_Bank_2025_26.pdf
2026-03-31,ACS Compact Book | HSC 26 Edition Physics https://t.me/hscfreepdf/787 Chemistry https://t.me/hscfreepdf/789?single Math https://t.me/hscfreepdf/792?single Biology https://t.me/hscfreepdf/794?single Bangla 2nd https://t.me/hscfreepdf/1062,Text,https://t.me/hscfreepdf/795,795,795,
2026-03-31,চর্চা(Chorcha) এবং E Test Paper এপ এর সকল কন্টেন্ট একদম বিনামুল্যে প্রস্তুতি এপে! HSC | Versity | Medical | Engineering APK • Website • Bot • Group,PDF,https://t.me/hscfreepdf/794,794,794,ACS Compact series Biology 2nd Paper .pdf
2026-03-31,ACS Compact Book - Biology 1st Paper,PDF,https://t.me/hscfreepdf/793,793,793,ACS Compact Book - Biology 1st Paper.pdf
2026-03-31,চর্চা(Chorcha) এবং E Test Paper এপ এর সকল কন্টেন্ট একদম বিনামুল্যে প্রস্তুতি এপে! HSC | Versity | Medical | Engineering APK • Website • Bot • Group,PDF,https://t.me/hscfreepdf/792,792,792,@PDFMultiverse_ACS_HSC_2026_Compact_Series_Higher_Math_2nd_Paper.pdf
2026-03-31,Acs Compact Series Math 1st Paper 2026,PDF,https://t.me/hscfreepdf/791,791,791,Acs Compact Series Math 1st Paper 2026.pdf
2026-03-31,চর্চা(Chorcha) এবং E Test Paper এপ এর সকল কন্টেন্ট একদম বিনামুল্যে প্রস্তুতি এপে! HSC | Versity | Medical | Engineering APK • Website • Bot • Group,PDF,https://t.me/hscfreepdf/790,790,790,ACS Compact Series CHEMISTRY 2ND .pdf
2026-03-31,ACS_Compact_Books_Chemistry_1st_Paper_PDF,PDF,https://t.me/hscfreepdf/789,789,789,ACS_Compact_Books_Chemistry_1st_Paper_PDF.pdf
2026-03-31,ACS Compact Book - Physics 2nd Paper,PDF,https://t.me/hscfreepdf/788,788,788,ACS Compact Book - Physics 2nd Paper.pdf
2026-03-31,ACS Compact Series Physics 1st Paper 2026,PDF,https://t.me/hscfreepdf/787,787,787,ACS Compact Series Physics 1st Paper 2026.pdf
2026-03-30,"✅ Retina Onushiloni Question Bank 🔺 Biology 1st & 2nd Paper 🕐 2025-26 Edition ✅ রেটিনা অনুশীলনী প্রশ্নব্যাংক 📋 জীববিজ্ঞান ১ম ও ২য় পত্র ©️ EducationBlog ডিজিটাল HSC টেস্ট পেপার, বিগত বছরের প্রশ্ন, ভার্সিটি/মেডিকেল/ইঞ্জিনিয়ারিং প্রশ্নব্যাংক, ",PDF,https://t.me/hscfreepdf/786,786,786,রেটিনা_জীববিজ্ঞান_অনুশীলনী_প্রশ্ন_ও_সমাধান_২০২৫_২৬_এডিশন_Admission.pdf
2026-03-30,✅ Retina Onushiloni Question Bank 🔺 Chemistry 1st & 2nd Paper 🕐 2025-26 Edition ✅ রেটিনা অনুশীলনী প্রশ্নব্যাংক 📋 রসায়ন ১ম ও ২য় পত্র,PDF,https://t.me/hscfreepdf/785,785,785,রেটিনা_রসায়ন_অনুশীলনী_প্রশ্ন_ও_সমাধান_২০২৫_২৬_এডিশন_Admission_Stuffs.pdf
2026-03-30,✅ Retina Onushiloni Question Bank 🔺 Physics 1st & 2nd Paper 🕐 2025-26 Edition ✅ রেটিনা অনুশীলনী প্রশ্নব্যাংক 📋 পদার্থবিজ্ঞান ১ম ও ২য় পত্র,PDF,https://t.me/hscfreepdf/784,784,784,রেটিনা_পদার্থবিজ্ঞান_অনুশীলনী_প্রশ্ন_ও_সমাধান_২০২৫_২৬_এডিশন_Admission.pdf
2026-03-30,Joykoli Buet Math #engineering,PDF,https://t.me/hscfreepdf/783,783,783,জয়কলি বুয়েট ম্যাথ.pdf
2026-03-30,💥Udvash Engineering Master Question Bank 🌟 𝐄𝐝𝐢𝐭𝐢𝐨𝐧 : 𝟐𝟎𝟐𝟒-𝟐𝟓 [𝐄𝐧𝐠𝐥𝐢𝐬𝐡 𝐕𝐞𝐫𝐬𝐢𝐨𝐧] 👉 Physics 1st + 2nd Paper © PDF Credit - Marjia Sultana #engineering,PDF,https://t.me/hscfreepdf/782,782,782,Udvash_EV_Master_QB_Physics_1st_&_2nd_Paper_2024_25_Edition.pdf
2026-03-29,চর্চা(Chorcha) এবং E Test Paper এপ এর সকল কন্টেন্ট একদম বিনামুল্যে প্রস্তুতি এপে! HSC | Versity | Medical | Engineering Website • Bot • Group,APK,https://t.me/hscfreepdf/781,781,781,PROSTUTI_APP_V1.0.2.apk
2026-03-29,রয়েল জীববিজ্ঞান ১ম পত্র বহুনির্বাচনি গাইড 1,PDF,https://t.me/hscfreepdf/780,780,780,রয়েল_জীববিজ্ঞান_১ম_পত্র_বহুনির্বাচনি_গাইড_1.pdf
2026-03-29,রয়েল গাইড পদার্থবিজ্ঞান ১ম বহুনির্বাচনি ২০২৬,PDF,https://t.me/hscfreepdf/779,779,779,রয়েল_গাইড_পদার্থবিজ্ঞান_১ম_বহুনির্বাচনি_২০২৬.pdf
2026-03-29,ACS Compact series Biology 2nd Paper,PDF,https://t.me/hscfreepdf/778,778,778,ACS Compact series Biology 2nd Paper .pdf
2026-03-29,HscEnglish Text Book Based Dictionary,PDF,https://t.me/hscfreepdf/777,777,777,HscEnglish Text Book Based Dictionary.pdf
2026-03-29,ষষ্ঠ শ্রেণির ইংরেজি ১ম পত্র গাইড ২০২৬,PDF,https://t.me/hscfreepdf/776,776,776,ষষ্ঠ_শ্রেণির_ইংরেজি_১ম_পত্র_গাইড_২০২৬.pdf
2026-03-29,Physics 2nd paper mcq solution,PDF,https://t.me/hscfreepdf/775,775,775,Physics 2nd paper mcq solution.pdf
2026-03-29,GST গুচ্ছ প্রশ্নব্যাংক ভার্সিটি 'ক',PDF,https://t.me/hscfreepdf/774,774,774,GST_গুচ্ছ_প্রশ্নব্যাংক_ভার্সিটি_'ক'.pdf
2026-03-29,জয়কলি বুয়েট ম্যাথ,PDF,https://t.me/hscfreepdf/773,773,773,জয়কলি বুয়েট ম্যাথ.pdf
2026-03-29,নেটওয়ার্ক গুচ্ছ চর্চা মডেল টেস্ট PDF,PDF,https://t.me/hscfreepdf/772,772,772,নেটওয়ার্ক_গুচ্ছ_চর্চা_মডেল_টেস্ট_PDF.pdf
2026-03-29,TOEFL BARRON,PDF,https://t.me/hscfreepdf/771,771,771,TOEFL BARRON.pdf
2026-02-25,Telegram Image,Image,https://t.me/hscfreepdf/768,768,768,
2026-02-25,Telegram Image,Image,https://t.me/hscfreepdf/767,767,767,
2026-02-25,Telegram Image,Image,https://t.me/hscfreepdf/766,766,766,
2026-02-25,Telegram Image,Image,https://t.me/hscfreepdf/765,765,765,
2026-02-25,🌟 কেমিস্ট্রি প্রয়োজনীয় সকল সূত্র একসাথে © SABAS,Image,https://t.me/hscfreepdf/764,764,764,
2026-02-25,🔰𝐀𝐬𝐩𝐞𝐜𝐭 𝐱 𝐍𝐞𝐭𝐰𝐨𝐫𝐤 - 𝐆𝐒𝐓 𝐒𝐨𝐡𝐚𝐲𝐢𝐤𝐚✨ ⏰ 𝐄𝐝𝐢𝐭𝐢𝐨𝐧 : 2025-26 📖 এসপেক্ট গুচ্ছ সহায়িকা 🏷 Biology 1st & 2nd Paper ©Admission Stuffs,PDF,https://t.me/hscfreepdf/763,763,763,Aspect_GST_Network_Biology_1st_&_2nd_Pape.pdf
2026-02-25,🔰𝐀𝐬𝐩𝐞𝐜𝐭 𝐱 𝐍𝐞𝐭𝐰𝐨𝐫𝐤 - 𝐆𝐒𝐓 𝐒𝐨𝐡𝐚𝐲𝐢𝐤𝐚✨ ⏰ 𝐄𝐝𝐢𝐭𝐢𝐨𝐧 : 2025-26 📖 এসপেক্ট গুচ্ছ সহায়িকা 🏷 Higher Math 1st & 2nd Paper ©Admission Stuffs,PDF,https://t.me/hscfreepdf/762,762,762,Aspect_GST_Network_Math_1st_&_2nd_Paper_.pdf
2026-02-25,🔰𝐀𝐬𝐩𝐞𝐜𝐭 𝐱 𝐍𝐞𝐭𝐰𝐨𝐫𝐤 - 𝐆𝐒𝐓 𝐒𝐨𝐡𝐚𝐲𝐢𝐤𝐚✨ ⏰ 𝐄𝐝𝐢𝐭𝐢𝐨𝐧 : 2025-26 📖 এসপেক্ট গুচ্ছ সহায়িকা 🏷 Chemistry 1st & 2nd Paper ©Admission Stuffs,PDF,https://t.me/hscfreepdf/761,761,761,Aspect_GST_Network_Chemistry_1st_&_2nd_Pa.pdf
2026-02-25,🔰𝐀𝐬𝐩𝐞𝐜𝐭 𝐱 𝐍𝐞𝐭𝐰𝐨𝐫𝐤 - 𝐆𝐒𝐓 𝐒𝐨𝐡𝐚𝐲𝐢𝐤𝐚✨ ⏰ 𝐄𝐝𝐢𝐭𝐢𝐨𝐧 : 2025-26 📖 এসপেক্ট গুচ্ছ সহায়িকা 🏷 Physics 1st & 2nd Paper ©Admission Stuffs,PDF,https://t.me/hscfreepdf/760,760,760,Aspect_GST_Network_Physics_1st_&_2nd_Pape.pdf
2026-02-25,🔰𝐀𝐬𝐩𝐞𝐜𝐭 𝐱 𝐍𝐞𝐭𝐰𝐨𝐫𝐤 - 𝐆𝐒𝐓 𝐒𝐨𝐡𝐚𝐲𝐢𝐤𝐚✨ ⏰ 𝐄𝐝𝐢𝐭𝐢𝐨𝐧 : 2025-26 📖 এসপেক্ট গুচ্ছ সহায়িকা 🏷 Cover & Recent Solution ©Admission Stuffs,PDF,https://t.me/hscfreepdf/759,759,759,Aspect_GST_Network_Cover_&_Recent_Solutio.pdf
2026-02-25,🔰𝐀𝐬𝐩𝐞𝐜𝐭 𝐱 𝐍𝐞𝐭𝐰𝐨𝐫𝐤 - 𝐆𝐒𝐓 𝐒𝐨𝐡𝐚𝐲𝐢𝐤𝐚✨ ⏰ 𝐄𝐝𝐢𝐭𝐢𝐨𝐧 : 2025-26 📖 এসপেক্ট গুচ্ছ সহায়িকা 🏷 Full Book Combined ©Admission Stuffs,PDF,https://t.me/hscfreepdf/758,758,758,Aspect GST Network - Full QB Combined (25-26).pdf
2026-02-24,Telegram Media,Media,https://t.me/hscfreepdf/754,754,754,
2026-02-24,নতুন কিছু এড করলে এখানে এড করে দেওয়ার চেষ্টা করবো --------------------------------------------------------------------------- Engineering : * Engineering Master QB Edition 26- 27 : PHY • CHEM • MATH * Engineering Master QB Edition 25- 26 : ,PDF,https://t.me/hscfreepdf/753,753,"752,753",@PDFMultiverse_Udvash GST QB (25-26 Edition].pdf
2026-02-24,নতুন কিছু এড করলে এখানে এড করে দেওয়ার চেষ্টা করবো --------------------------------------------------------------------------- Engineering : * Engineering Master QB Edition 26- 27 : PHY • CHEM • MATH * Engineering Master QB Edition 25- 26 : ,Text,https://t.me/hscfreepdf/752,752,752,
2024-12-21,আমার জন্যে দোয়া করবেন! অনেকটা পথ এগিয়েছিলাম। চ্যানেলটা থাক একটা সৃতি হিসেবে। যদি সম্ভব হয় লিভ নিয়েন না।,Image,https://t.me/hscfreepdf/723,723,723,
2024-10-03,একাডেমিক এবং এডমিশন এর অনেক আপডেটেড এবং সাম্প্রতিক PDF এড করা হয়েছে!পিন পোষ্ট চেক করতে পারো!,Text,https://t.me/hscfreepdf/703,703,703,
2024-05-16,আজকের এক্সামের রিভিউ আর ভালো রেসপন্স না পেলে সামনে দিন থেকে এক্সাম নেওয়ায় বাদ দিব। আমি এত খাটুনি করে প্রশ্ন বানাতে পারলে তোমরাও একটা রিভিউ দিতে পারবে। Engineering Master QB Edition 25- 26 : PHY • CHEM • MATH ACS Varsity Preparation Compact ,Text,https://t.me/hscfreepdf/668,668,668,
2024-04-30,Telegram Image,Image,https://t.me/hscfreepdf/61,61,61,
2024-04-30,Telegram Image,Image,https://t.me/hscfreepdf/60,60,60,
2024-04-30,Telegram Image,Image,https://t.me/hscfreepdf/59,59,59,
2024-04-30,GST Question 23-24,Image,https://t.me/hscfreepdf/58,58,58,
2024-01-28,Hello!,Image,https://t.me/hscfreepdf/4,4,4,
